{
  "type": "FeatureCollection",
  "features": [
    {
      "type": "Feature",
      "geometry": {
        "type": "Point",
        "coordinates": [
          72.8351575,
          18.922153
        ]
      },
      "properties": {
        "id": "a2c678b2",
        "class": "generic_debris",
        "confidence": 98.3,
        "length_m": 1.7,
        "width_m": 8.59,
        "height_m": 1.77,
        "area_m2": 14.59,
        "channel": "starboard",
        "ground_range_m": 29.51,
        "status": "high_confidence",
        "contrast_ratio": 5.51,
        "marker_color": "#ffcc00"
      }
    },
    {
      "type": "Feature",
      "geometry": {
        "type": "Point",
        "coordinates": [
          72.8352185,
          18.9230694
        ]
      },
      "properties": {
        "id": "fdedaaf6",
        "class": "ghost_net",
        "confidence": 97.9,
        "length_m": 2.01,
        "width_m": 9.08,
        "height_m": 1.56,
        "area_m2": 18.22,
        "channel": "port",
        "ground_range_m": 38.33,
        "status": "high_confidence",
        "contrast_ratio": 6.05,
        "marker_color": "#ff3b30"
      }
    },
    {
      "type": "Feature",
      "geometry": {
        "type": "Point",
        "coordinates": [
          72.8351913,
          18.9230428
        ]
      },
      "properties": {
        "id": "00811f63",
        "class": "ghost_net",
        "confidence": 96.0,
        "length_m": 2.47,
        "width_m": 9.38,
        "height_m": 1.62,
        "area_m2": 23.15,
        "channel": "port",
        "ground_range_m": 38.25,
        "status": "high_confidence",
        "contrast_ratio": 5.99,
        "marker_color": "#ff3b30"
      }
    },
    {
      "type": "Feature",
      "geometry": {
        "type": "Point",
        "coordinates": [
          72.8351559,
          18.9221381
        ]
      },
      "properties": {
        "id": "9707adf3",
        "class": "generic_debris",
        "confidence": 94.6,
        "length_m": 1.7,
        "width_m": 9.18,
        "height_m": 1.97,
        "area_m2": 15.58,
        "channel": "starboard",
        "ground_range_m": 30.55,
        "status": "high_confidence",
        "contrast_ratio": 4.15,
        "marker_color": "#ffcc00"
      }
    },
    {
      "type": "Feature",
      "geometry": {
        "type": "Point",
        "coordinates": [
          72.835164,
          18.9221597
        ]
      },
      "properties": {
        "id": "48ce1475",
        "class": "ghost_net",
        "confidence": 89.5,
        "length_m": 6.33,
        "width_m": 13.87,
        "height_m": 2.38,
        "area_m2": 87.75,
        "channel": "starboard",
        "ground_range_m": 29.47,
        "status": "high_confidence",
        "contrast_ratio": 2.45,
        "marker_color": "#ff3b30"
      }
    },
    {
      "type": "Feature",
      "geometry": {
        "type": "Point",
        "coordinates": [
          72.8351931,
          18.9231134
        ]
      },
      "properties": {
        "id": "e87d70d9",
        "class": "pipe_cylinder",
        "confidence": 89.5,
        "length_m": 1.39,
        "width_m": 10.16,
        "height_m": 1.62,
        "area_m2": 14.11,
        "channel": "port",
        "ground_range_m": 43.69,
        "status": "high_confidence",
        "contrast_ratio": 6.08,
        "marker_color": "#007aff"
      }
    },
    {
      "type": "Feature",
      "geometry": {
        "type": "Point",
        "coordinates": [
          72.835173,
          18.9230411
        ]
      },
      "properties": {
        "id": "891c466a",
        "class": "pipe_cylinder",
        "confidence": 89.3,
        "length_m": 4.78,
        "width_m": 10.35,
        "height_m": 1.87,
        "area_m2": 49.53,
        "channel": "port",
        "ground_range_m": 39.48,
        "status": "high_confidence",
        "contrast_ratio": 5.24,
        "marker_color": "#007aff"
      }
    },
    {
      "type": "Feature",
      "geometry": {
        "type": "Point",
        "coordinates": [
          72.8352003,
          18.9231195
        ]
      },
      "properties": {
        "id": "289e2443",
        "class": "ghost_net",
        "confidence": 88.7,
        "length_m": 1.85,
        "width_m": 10.25,
        "height_m": 1.69,
        "area_m2": 18.99,
        "channel": "port",
        "ground_range_m": 43.64,
        "status": "high_confidence",
        "contrast_ratio": 6.22,
        "marker_color": "#ff3b30"
      }
    },
    {
      "type": "Feature",
      "geometry": {
        "type": "Point",
        "coordinates": [
          72.8351713,
          18.9221417
        ]
      },
      "properties": {
        "id": "3161ed3b",
        "class": "pipe_cylinder",
        "confidence": 88.3,
        "length_m": 4.01,
        "width_m": 9.96,
        "height_m": 2.24,
        "area_m2": 39.97,
        "channel": "starboard",
        "ground_range_m": 31.43,
        "status": "high_confidence",
        "contrast_ratio": 5.79,
        "marker_color": "#007aff"
      }
    },
    {
      "type": "Feature",
      "geometry": {
        "type": "Point",
        "coordinates": [
          72.8351948,
          18.9230528
        ]
      },
      "properties": {
        "id": "b54cb4e5",
        "class": "generic_debris",
        "confidence": 88.3,
        "length_m": 1.54,
        "width_m": 9.38,
        "height_m": 1.62,
        "area_m2": 14.47,
        "channel": "port",
        "ground_range_m": 38.78,
        "status": "high_confidence",
        "contrast_ratio": 5.7,
        "marker_color": "#ffcc00"
      }
    },
    {
      "type": "Feature",
      "geometry": {
        "type": "Point",
        "coordinates": [
          72.8352101,
          18.9230702
        ]
      },
      "properties": {
        "id": "e2b59d56",
        "class": "generic_debris",
        "confidence": 88.3,
        "length_m": 1.7,
        "width_m": 9.28,
        "height_m": 1.65,
        "area_m2": 15.75,
        "channel": "port",
        "ground_range_m": 39.03,
        "status": "high_confidence",
        "contrast_ratio": 5.78,
        "marker_color": "#ffcc00"
      }
    },
    {
      "type": "Feature",
      "geometry": {
        "type": "Point",
        "coordinates": [
          72.8351468,
          18.9221411
        ]
      },
      "properties": {
        "id": "5432520b",
        "class": "ghost_net",
        "confidence": 86.4,
        "length_m": 2.01,
        "width_m": 8.98,
        "height_m": 1.84,
        "area_m2": 18.03,
        "channel": "starboard",
        "ground_range_m": 29.63,
        "status": "high_confidence",
        "contrast_ratio": 2.18,
        "marker_color": "#ff3b30"
      }
    },
    {
      "type": "Feature",
      "geometry": {
        "type": "Point",
        "coordinates": [
          72.8351718,
          18.9230205
        ]
      },
      "properties": {
        "id": "eec4e82e",
        "class": "generic_debris",
        "confidence": 85.8,
        "length_m": 1.54,
        "width_m": 8.69,
        "height_m": 1.46,
        "area_m2": 13.41,
        "channel": "port",
        "ground_range_m": 37.94,
        "status": "high_confidence",
        "contrast_ratio": 2.13,
        "marker_color": "#ffcc00"
      }
    },
    {
      "type": "Feature",
      "geometry": {
        "type": "Point",
        "coordinates": [
          72.8352234,
          18.9230484
        ]
      },
      "properties": {
        "id": "7378a0cd",
        "class": "shipwreck",
        "confidence": 84.0,
        "length_m": 13.89,
        "width_m": 12.21,
        "height_m": 1.59,
        "area_m2": 169.56,
        "channel": "port",
        "ground_range_m": 36.31,
        "status": "high_confidence",
        "contrast_ratio": 2.01,
        "marker_color": "#ff9500"
      }
    },
    {
      "type": "Feature",
      "geometry": {
        "type": "Point",
        "coordinates": [
          72.8349276,
          18.9220059
        ]
      },
      "properties": {
        "id": "07391ab0",
        "class": "generic_debris",
        "confidence": 83.8,
        "length_m": 1.54,
        "width_m": 5.86,
        "height_m": 0.87,
        "area_m2": 9.04,
        "channel": "starboard",
        "ground_range_m": 23.94,
        "status": "high_confidence",
        "contrast_ratio": 2.14,
        "marker_color": "#ffcc00"
      }
    },
    {
      "type": "Feature",
      "geometry": {
        "type": "Point",
        "coordinates": [
          72.8351635,
          18.9221849
        ]
      },
      "properties": {
        "id": "2b929242",
        "class": "ghost_net",
        "confidence": 83.4,
        "length_m": 2.31,
        "width_m": 7.91,
        "height_m": 1.33,
        "area_m2": 18.31,
        "channel": "starboard",
        "ground_range_m": 27.47,
        "status": "high_confidence",
        "contrast_ratio": 2.1,
        "marker_color": "#ff3b30"
      }
    },
    {
      "type": "Feature",
      "geometry": {
        "type": "Point",
        "coordinates": [
          72.8351736,
          18.9228217
        ]
      },
      "properties": {
        "id": "e2cb58aa",
        "class": "generic_debris",
        "confidence": 83.3,
        "length_m": 1.85,
        "width_m": 5.47,
        "height_m": 0.92,
        "area_m2": 10.13,
        "channel": "port",
        "ground_range_m": 22.27,
        "status": "high_confidence",
        "contrast_ratio": 2.45,
        "marker_color": "#ffcc00"
      }
    },
    {
      "type": "Feature",
      "geometry": {
        "type": "Point",
        "coordinates": [
          72.8351721,
          18.922188
        ]
      },
      "properties": {
        "id": "051d310c",
        "class": "ghost_net",
        "confidence": 82.9,
        "length_m": 2.01,
        "width_m": 8.01,
        "height_m": 1.41,
        "area_m2": 16.07,
        "channel": "starboard",
        "ground_range_m": 27.87,
        "status": "high_confidence",
        "contrast_ratio": 1.88,
        "marker_color": "#ff3b30"
      }
    },
    {
      "type": "Feature",
      "geometry": {
        "type": "Point",
        "coordinates": [
          72.8349049,
          18.9219981
        ]
      },
      "properties": {
        "id": "26a5e6d4",
        "class": "pipe_cylinder",
        "confidence": 82.8,
        "length_m": 1.39,
        "width_m": 6.15,
        "height_m": 0.56,
        "area_m2": 8.55,
        "channel": "starboard",
        "ground_range_m": 22.88,
        "status": "high_confidence",
        "contrast_ratio": 2.06,
        "marker_color": "#007aff"
      }
    },
    {
      "type": "Feature",
      "geometry": {
        "type": "Point",
        "coordinates": [
          72.8351978,
          18.9230104
        ]
      },
      "properties": {
        "id": "dc6fa4ab",
        "class": "generic_debris",
        "confidence": 82.6,
        "length_m": 1.7,
        "width_m": 6.84,
        "height_m": 0.84,
        "area_m2": 11.61,
        "channel": "port",
        "ground_range_m": 35.22,
        "status": "high_confidence",
        "contrast_ratio": 2.02,
        "marker_color": "#ffcc00"
      }
    },
    {
      "type": "Feature",
      "geometry": {
        "type": "Point",
        "coordinates": [
          72.8349248,
          18.9220154
        ]
      },
      "properties": {
        "id": "c512ea35",
        "class": "container",
        "confidence": 82.0,
        "length_m": 1.54,
        "width_m": 5.86,
        "height_m": 0.6,
        "area_m2": 9.04,
        "channel": "starboard",
        "ground_range_m": 22.98,
        "status": "high_confidence",
        "contrast_ratio": 1.8,
        "marker_color": "#5856d6"
      }
    },
    {
      "type": "Feature",
      "geometry": {
        "type": "Point",
        "coordinates": [
          72.8351865,
          18.9228352
        ]
      },
      "properties": {
        "id": "5e0784ea",
        "class": "generic_debris",
        "confidence": 81.5,
        "length_m": 1.7,
        "width_m": 5.37,
        "height_m": 0.9,
        "area_m2": 9.12,
        "channel": "port",
        "ground_range_m": 22.37,
        "status": "high_confidence",
        "contrast_ratio": 2.21,
        "marker_color": "#ffcc00"
      }
    },
    {
      "type": "Feature",
      "geometry": {
        "type": "Point",
        "coordinates": [
          72.8352032,
          18.9230109
        ]
      },
      "properties": {
        "id": "b160170c",
        "class": "ghost_net",
        "confidence": 80.9,
        "length_m": 4.63,
        "width_m": 7.62,
        "height_m": 0.84,
        "area_m2": 35.27,
        "channel": "port",
        "ground_range_m": 34.85,
        "status": "high_confidence",
        "contrast_ratio": 1.93,
        "marker_color": "#ff3b30"
      }
    },
    {
      "type": "Feature",
      "geometry": {
        "type": "Point",
        "coordinates": [
          72.8351834,
          18.9228232
        ]
      },
      "properties": {
        "id": "9373af65",
        "class": "ghost_net",
        "confidence": 80.1,
        "length_m": 2.93,
        "width_m": 6.25,
        "height_m": 0.86,
        "area_m2": 18.33,
        "channel": "port",
        "ground_range_m": 21.66,
        "status": "high_confidence",
        "contrast_ratio": 2.06,
        "marker_color": "#ff3b30"
      }
    },
    {
      "type": "Feature",
      "geometry": {
        "type": "Point",
        "coordinates": [
          72.8351895,
          18.9228424
        ]
      },
      "properties": {
        "id": "ec043aba",
        "class": "ghost_net",
        "confidence": 80.1,
        "length_m": 2.78,
        "width_m": 5.76,
        "height_m": 1.12,
        "area_m2": 16.01,
        "channel": "port",
        "ground_range_m": 22.72,
        "status": "high_confidence",
        "contrast_ratio": 2.0,
        "marker_color": "#ff3b30"
      }
    },
    {
      "type": "Feature",
      "geometry": {
        "type": "Point",
        "coordinates": [
          72.8349067,
          18.9220028
        ]
      },
      "properties": {
        "id": "5ef9803b",
        "class": "ghost_net",
        "confidence": 80.0,
        "length_m": 1.85,
        "width_m": 5.96,
        "height_m": 0.49,
        "area_m2": 11.03,
        "channel": "starboard",
        "ground_range_m": 22.65,
        "status": "high_confidence",
        "contrast_ratio": 1.93,
        "marker_color": "#ff3b30"
      }
    },
    {
      "type": "Feature",
      "geometry": {
        "type": "Point",
        "coordinates": [
          72.8349152,
          18.9220033
        ]
      },
      "properties": {
        "id": "c976aa70",
        "class": "ghost_net",
        "confidence": 79.7,
        "length_m": 2.01,
        "width_m": 6.05,
        "height_m": 0.67,
        "area_m2": 12.15,
        "channel": "starboard",
        "ground_range_m": 23.23,
        "status": "high_confidence",
        "contrast_ratio": 1.93,
        "marker_color": "#ff3b30"
      }
    },
    {
      "type": "Feature",
      "geometry": {
        "type": "Point",
        "coordinates": [
          72.8351534,
          18.9222035
        ]
      },
      "properties": {
        "id": "5e0342e3",
        "class": "pipe_cylinder",
        "confidence": 79.5,
        "length_m": 4.63,
        "width_m": 6.25,
        "height_m": 0.48,
        "area_m2": 28.94,
        "channel": "starboard",
        "ground_range_m": 25.25,
        "status": "high_confidence",
        "contrast_ratio": 1.66,
        "marker_color": "#007aff"
      }
    },
    {
      "type": "Feature",
      "geometry": {
        "type": "Point",
        "coordinates": [
          72.8349365,
          18.9220067
        ]
      },
      "properties": {
        "id": "bfcd4328",
        "class": "ghost_net",
        "confidence": 79.4,
        "length_m": 2.16,
        "width_m": 6.25,
        "height_m": 1.06,
        "area_m2": 13.5,
        "channel": "starboard",
        "ground_range_m": 24.54,
        "status": "high_confidence",
        "contrast_ratio": 2.15,
        "marker_color": "#ff3b30"
      }
    },
    {
      "type": "Feature",
      "geometry": {
        "type": "Point",
        "coordinates": [
          72.8348339,
          18.9221255
        ]
      },
      "properties": {
        "id": "c387000f",
        "class": "generic_debris",
        "confidence": 78.8,
        "length_m": 1.7,
        "width_m": 4.59,
        "height_m": 2.66,
        "area_m2": 7.79,
        "channel": "starboard",
        "ground_range_m": 7.55,
        "status": "high_confidence",
        "contrast_ratio": 2.09,
        "marker_color": "#ffcc00"
      }
    },
    {
      "type": "Feature",
      "geometry": {
        "type": "Point",
        "coordinates": [
          72.8348079,
          18.9221466
        ]
      },
      "properties": {
        "id": "d2980f9c",
        "class": "pipe_cylinder",
        "confidence": 78.7,
        "length_m": 1.39,
        "width_m": 4.79,
        "height_m": 2.41,
        "area_m2": 6.65,
        "channel": "starboard",
        "ground_range_m": 3.97,
        "status": "high_confidence",
        "contrast_ratio": 1.92,
        "marker_color": "#007aff"
      }
    },
    {
      "type": "Feature",
      "geometry": {
        "type": "Point",
        "coordinates": [
          72.8349184,
          18.9220147
        ]
      },
      "properties": {
        "id": "fc1aa3d0",
        "class": "ghost_net",
        "confidence": 78.7,
        "length_m": 1.85,
        "width_m": 6.05,
        "height_m": 0.5,
        "area_m2": 11.21,
        "channel": "starboard",
        "ground_range_m": 22.55,
        "status": "high_confidence",
        "contrast_ratio": 1.77,
        "marker_color": "#ff3b30"
      }
    },
    {
      "type": "Feature",
      "geometry": {
        "type": "Point",
        "coordinates": [
          72.8348505,
          18.9221355
        ]
      },
      "properties": {
        "id": "e850930b",
        "class": "container",
        "confidence": 78.6,
        "length_m": 1.7,
        "width_m": 4.59,
        "height_m": 2.85,
        "area_m2": 7.79,
        "channel": "starboard",
        "ground_range_m": 7.99,
        "status": "high_confidence",
        "contrast_ratio": 1.88,
        "marker_color": "#5856d6"
      }
    },
    {
      "type": "Feature",
      "geometry": {
        "type": "Point",
        "coordinates": [
          72.8348909,
          18.9220081
        ]
      },
      "properties": {
        "id": "0ee1cd0d",
        "class": "ghost_net",
        "confidence": 77.9,
        "length_m": 3.09,
        "width_m": 7.03,
        "height_m": 0.14,
        "area_m2": 21.7,
        "channel": "starboard",
        "ground_range_m": 21.05,
        "status": "high_confidence",
        "contrast_ratio": 1.9,
        "marker_color": "#ff3b30"
      }
    },
    {
      "type": "Feature",
      "geometry": {
        "type": "Point",
        "coordinates": [
          72.8348374,
          18.922148
        ]
      },
      "properties": {
        "id": "c7929e2e",
        "class": "pipe_cylinder",
        "confidence": 77.4,
        "length_m": 1.7,
        "width_m": 5.86,
        "height_m": 3.1,
        "area_m2": 9.95,
        "channel": "starboard",
        "ground_range_m": 6.04,
        "status": "high_confidence",
        "contrast_ratio": 1.82,
        "marker_color": "#007aff"
      }
    },
    {
      "type": "Feature",
      "geometry": {
        "type": "Point",
        "coordinates": [
          72.8351463,
          18.9227849
        ]
      },
      "properties": {
        "id": "bec29876",
        "class": "ghost_net",
        "confidence": 77.4,
        "length_m": 2.16,
        "width_m": 5.57,
        "height_m": 0.64,
        "area_m2": 12.03,
        "channel": "port",
        "ground_range_m": 21.39,
        "status": "high_confidence",
        "contrast_ratio": 1.58,
        "marker_color": "#ff3b30"
      }
    },
    {
      "type": "Feature",
      "geometry": {
        "type": "Point",
        "coordinates": [
          72.8348873,
          18.9219867
        ]
      },
      "properties": {
        "id": "0637d86d",
        "class": "pipe_cylinder",
        "confidence": 77.3,
        "length_m": 2.93,
        "width_m": 9.96,
        "height_m": 1.16,
        "area_m2": 29.21,
        "channel": "starboard",
        "ground_range_m": 22.45,
        "status": "high_confidence",
        "contrast_ratio": 1.75,
        "marker_color": "#007aff"
      }
    },
    {
      "type": "Feature",
      "geometry": {
        "type": "Point",
        "coordinates": [
          72.8348243,
          18.9221384
        ]
      },
      "properties": {
        "id": "6f8977f5",
        "class": "pipe_cylinder",
        "confidence": 77.2,
        "length_m": 1.54,
        "width_m": 4.69,
        "height_m": 2.59,
        "area_m2": 7.23,
        "channel": "starboard",
        "ground_range_m": 5.83,
        "status": "high_confidence",
        "contrast_ratio": 1.93,
        "marker_color": "#007aff"
      }
    },
    {
      "type": "Feature",
      "geometry": {
        "type": "Point",
        "coordinates": [
          72.8349204,
          18.9219972
        ]
      },
      "properties": {
        "id": "d62926ae",
        "class": "ghost_net",
        "confidence": 76.6,
        "length_m": 7.25,
        "width_m": 10.45,
        "height_m": 1.64,
        "area_m2": 75.8,
        "channel": "starboard",
        "ground_range_m": 24.1,
        "status": "high_confidence",
        "contrast_ratio": 1.77,
        "marker_color": "#ff3b30"
      }
    },
    {
      "type": "Feature",
      "geometry": {
        "type": "Point",
        "coordinates": [
          72.8351277,
          18.9228106
        ]
      },
      "properties": {
        "id": "094ed11d",
        "class": "generic_debris",
        "confidence": 76.6,
        "length_m": 1.7,
        "width_m": 5.27,
        "height_m": 1.48,
        "area_m2": 8.95,
        "channel": "port",
        "ground_range_m": 24.8,
        "status": "high_confidence",
        "contrast_ratio": 1.99,
        "marker_color": "#ffcc00"
      }
    },
    {
      "type": "Feature",
      "geometry": {
        "type": "Point",
        "coordinates": [
          72.834797,
          18.9221865
        ]
      },
      "properties": {
        "id": "985d34c3",
        "class": "pipe_cylinder",
        "confidence": 76.4,
        "length_m": 1.7,
        "width_m": 6.25,
        "height_m": 9.93,
        "area_m2": 10.61,
        "channel": "starboard",
        "ground_range_m": 0.0,
        "status": "high_confidence",
        "contrast_ratio": 1.6,
        "marker_color": "#007aff"
      }
    },
    {
      "type": "Feature",
      "geometry": {
        "type": "Point",
        "coordinates": [
          72.834931,
          18.9220263
        ]
      },
      "properties": {
        "id": "069cacc2",
        "class": "pipe_cylinder",
        "confidence": 76.2,
        "length_m": 3.4,
        "width_m": 11.33,
        "height_m": 1.41,
        "area_m2": 38.46,
        "channel": "starboard",
        "ground_range_m": 22.58,
        "status": "high_confidence",
        "contrast_ratio": 1.7,
        "marker_color": "#007aff"
      }
    },
    {
      "type": "Feature",
      "geometry": {
        "type": "Point",
        "coordinates": [
          72.8349449,
          18.9219747
        ]
      },
      "properties": {
        "id": "79a8fca4",
        "class": "ghost_net",
        "confidence": 75.9,
        "length_m": 1.85,
        "width_m": 6.15,
        "height_m": 1.45,
        "area_m2": 11.39,
        "channel": "starboard",
        "ground_range_m": 27.69,
        "status": "high_confidence",
        "contrast_ratio": 2.59,
        "marker_color": "#ff3b30"
      }
    },
    {
      "type": "Feature",
      "geometry": {
        "type": "Point",
        "coordinates": [
          72.834773,
          18.922164
        ]
      },
      "properties": {
        "id": "32fdd631",
        "class": "pipe_cylinder",
        "confidence": 75.7,
        "length_m": 1.85,
        "width_m": 5.18,
        "height_m": 9.91,
        "area_m2": 9.59,
        "channel": "starboard",
        "ground_range_m": 0.0,
        "status": "high_confidence",
        "contrast_ratio": 1.77,
        "marker_color": "#007aff"
      }
    },
    {
      "type": "Feature",
      "geometry": {
        "type": "Point",
        "coordinates": [
          72.8349194,
          18.9220387
        ]
      },
      "properties": {
        "id": "81ec329a",
        "class": "generic_debris",
        "confidence": 75.4,
        "length_m": 1.54,
        "width_m": 4.88,
        "height_m": 0.05,
        "area_m2": 7.54,
        "channel": "starboard",
        "ground_range_m": 20.75,
        "status": "high_confidence",
        "contrast_ratio": 1.75,
        "marker_color": "#ffcc00"
      }
    },
    {
      "type": "Feature",
      "geometry": {
        "type": "Point",
        "coordinates": [
          72.8348166,
          18.9221325
        ]
      },
      "properties": {
        "id": "52292216",
        "class": "pipe_cylinder",
        "confidence": 75.4,
        "length_m": 2.47,
        "width_m": 6.74,
        "height_m": 3.45,
        "area_m2": 16.64,
        "channel": "starboard",
        "ground_range_m": 5.72,
        "status": "high_confidence",
        "contrast_ratio": 1.92,
        "marker_color": "#007aff"
      }
    },
    {
      "type": "Feature",
      "geometry": {
        "type": "Point",
        "coordinates": [
          72.8348075,
          18.922123
        ]
      },
      "properties": {
        "id": "94c81d91",
        "class": "ghost_net",
        "confidence": 75.0,
        "length_m": 2.78,
        "width_m": 5.08,
        "height_m": 2.9,
        "area_m2": 14.11,
        "channel": "starboard",
        "ground_range_m": 5.8,
        "status": "high_confidence",
        "contrast_ratio": 1.9,
        "marker_color": "#ff3b30"
      }
    },
    {
      "type": "Feature",
      "geometry": {
        "type": "Point",
        "coordinates": [
          72.8351736,
          18.9228072
        ]
      },
      "properties": {
        "id": "dc0f91aa",
        "class": "ghost_net",
        "confidence": 74.8,
        "length_m": 10.19,
        "width_m": 11.43,
        "height_m": 1.73,
        "area_m2": 116.38,
        "channel": "port",
        "ground_range_m": 21.12,
        "status": "high_confidence",
        "contrast_ratio": 1.71,
        "marker_color": "#ff3b30"
      }
    },
    {
      "type": "Feature",
      "geometry": {
        "type": "Point",
        "coordinates": [
          72.8352558,
          18.9231108
        ]
      },
      "properties": {
        "id": "fc5e7ff6",
        "class": "ghost_net",
        "confidence": 74.4,
        "length_m": 1.7,
        "width_m": 1.37,
        "height_m": 0.34,
        "area_m2": 2.32,
        "channel": "port",
        "ground_range_m": 38.85,
        "status": "high_confidence",
        "contrast_ratio": 2.22,
        "marker_color": "#ff3b30"
      }
    },
    {
      "type": "Feature",
      "geometry": {
        "type": "Point",
        "coordinates": [
          72.8351285,
          18.9230408
        ]
      },
      "properties": {
        "id": "8720f598",
        "class": "generic_debris",
        "confidence": 74.1,
        "length_m": 1.54,
        "width_m": 1.17,
        "height_m": 0.25,
        "area_m2": 1.81,
        "channel": "port",
        "ground_range_m": 42.77,
        "status": "high_confidence",
        "contrast_ratio": 1.77,
        "marker_color": "#ffcc00"
      }
    },
    {
      "type": "Feature",
      "geometry": {
        "type": "Point",
        "coordinates": [
          72.8354687,
          18.9228185
        ]
      },
      "properties": {
        "id": "36700153",
        "class": "generic_debris",
        "confidence": 73.4,
        "length_m": 1.7,
        "width_m": 2.64,
        "height_m": 9.98,
        "area_m2": 4.48,
        "channel": "starboard",
        "ground_range_m": 0.0,
        "status": "high_confidence",
        "contrast_ratio": 1.87,
        "marker_color": "#ffcc00"
      }
    },
    {
      "type": "Feature",
      "geometry": {
        "type": "Point",
        "coordinates": [
          72.8347719,
          18.9221631
        ]
      },
      "properties": {
        "id": "537fc7a2",
        "class": "pipe_cylinder",
        "confidence": 73.2,
        "length_m": 4.01,
        "width_m": 9.47,
        "height_m": 9.91,
        "area_m2": 38.01,
        "channel": "starboard",
        "ground_range_m": 0.0,
        "status": "high_confidence",
        "contrast_ratio": 1.75,
        "marker_color": "#007aff"
      }
    },
    {
      "type": "Feature",
      "geometry": {
        "type": "Point",
        "coordinates": [
          72.835247,
          18.9231227
        ]
      },
      "properties": {
        "id": "efc88812",
        "class": "generic_debris",
        "confidence": 72.5,
        "length_m": 1.54,
        "width_m": 1.27,
        "height_m": 0.28,
        "area_m2": 1.96,
        "channel": "port",
        "ground_range_m": 40.45,
        "status": "high_confidence",
        "contrast_ratio": 1.8,
        "marker_color": "#ffcc00"
      }
    },
    {
      "type": "Feature",
      "geometry": {
        "type": "Point",
        "coordinates": [
          72.8351668,
          18.9228566
        ]
      },
      "properties": {
        "id": "17b0fcfc",
        "class": "generic_debris",
        "confidence": 72.4,
        "length_m": 1.7,
        "width_m": 5.37,
        "height_m": 1.4,
        "area_m2": 9.12,
        "channel": "port",
        "ground_range_m": 25.53,
        "status": "high_confidence",
        "contrast_ratio": 2.07,
        "marker_color": "#ffcc00"
      }
    },
    {
      "type": "Feature",
      "geometry": {
        "type": "Point",
        "coordinates": [
          72.8351258,
          18.9230493
        ]
      },
      "properties": {
        "id": "40fb501c",
        "class": "container",
        "confidence": 72.3,
        "length_m": 1.54,
        "width_m": 1.07,
        "height_m": 0.24,
        "area_m2": 1.66,
        "channel": "port",
        "ground_range_m": 43.64,
        "status": "high_confidence",
        "contrast_ratio": 1.83,
        "marker_color": "#5856d6"
      }
    },
    {
      "type": "Feature",
      "geometry": {
        "type": "Point",
        "coordinates": [
          72.8354739,
          18.9228234
        ]
      },
      "properties": {
        "id": "182322fd",
        "class": "generic_debris",
        "confidence": 72.1,
        "length_m": 1.7,
        "width_m": 2.44,
        "height_m": 10.02,
        "area_m2": 4.14,
        "channel": "starboard",
        "ground_range_m": 0.0,
        "status": "high_confidence",
        "contrast_ratio": 1.6,
        "marker_color": "#ffcc00"
      }
    },
    {
      "type": "Feature",
      "geometry": {
        "type": "Point",
        "coordinates": [
          72.8351858,
          18.9220884
        ]
      },
      "properties": {
        "id": "526aa8d8",
        "class": "pipe_cylinder",
        "confidence": 70.5,
        "length_m": 1.54,
        "width_m": 1.37,
        "height_m": 0.36,
        "area_m2": 2.11,
        "channel": "starboard",
        "ground_range_m": 36.67,
        "status": "high_confidence",
        "contrast_ratio": 1.71,
        "marker_color": "#007aff"
      }
    },
    {
      "type": "Feature",
      "geometry": {
        "type": "Point",
        "coordinates": [
          72.8352275,
          18.9221679
        ]
      },
      "properties": {
        "id": "977ded00",
        "class": "generic_debris",
        "confidence": 70.1,
        "length_m": 1.7,
        "width_m": 1.07,
        "height_m": 0.28,
        "area_m2": 1.82,
        "channel": "starboard",
        "ground_range_m": 33.56,
        "status": "high_confidence",
        "contrast_ratio": 1.7,
        "marker_color": "#ffcc00"
      }
    },
    {
      "type": "Feature",
      "geometry": {
        "type": "Point",
        "coordinates": [
          72.8354937,
          18.9228419
        ]
      },
      "properties": {
        "id": "4a83173f",
        "class": "pipe_cylinder",
        "confidence": 69.8,
        "length_m": 1.54,
        "width_m": 3.52,
        "height_m": 9.94,
        "area_m2": 5.43,
        "channel": "starboard",
        "ground_range_m": 0.0,
        "status": "high_confidence",
        "contrast_ratio": 1.53,
        "marker_color": "#007aff"
      }
    },
    {
      "type": "Feature",
      "geometry": {
        "type": "Point",
        "coordinates": [
          72.8348097,
          18.9220918
        ]
      },
      "properties": {
        "id": "7f6c0844",
        "class": "generic_debris",
        "confidence": 68.4,
        "length_m": 1.7,
        "width_m": 4.49,
        "height_m": 2.77,
        "area_m2": 7.63,
        "channel": "starboard",
        "ground_range_m": 8.43,
        "status": "high_confidence",
        "contrast_ratio": 1.75,
        "marker_color": "#ffcc00"
      }
    },
    {
      "type": "Feature",
      "geometry": {
        "type": "Point",
        "coordinates": [
          72.8347657,
          18.9221572
        ]
      },
      "properties": {
        "id": "4b577ab2",
        "class": "pipe_cylinder",
        "confidence": 68.2,
        "length_m": 1.7,
        "width_m": 3.52,
        "height_m": 9.99,
        "area_m2": 5.97,
        "channel": "starboard",
        "ground_range_m": 0.0,
        "status": "high_confidence",
        "contrast_ratio": 1.58,
        "marker_color": "#007aff"
      }
    },
    {
      "type": "Feature",
      "geometry": {
        "type": "Point",
        "coordinates": [
          72.8352095,
          18.923135
        ]
      },
      "properties": {
        "id": "c20450f0",
        "class": "pipe_cylinder",
        "confidence": 66.4,
        "length_m": 1.54,
        "width_m": 9.38,
        "height_m": 1.48,
        "area_m2": 14.47,
        "channel": "port",
        "ground_range_m": 44.2,
        "status": "high_confidence",
        "contrast_ratio": 4.59,
        "marker_color": "#007aff"
      }
    },
    {
      "type": "Feature",
      "geometry": {
        "type": "Point",
        "coordinates": [
          72.8354687,
          18.9228185
        ]
      },
      "properties": {
        "id": "6616fecf",
        "class": "pipe_cylinder",
        "confidence": 65.8,
        "length_m": 1.7,
        "width_m": 3.71,
        "height_m": 9.98,
        "area_m2": 6.3,
        "channel": "starboard",
        "ground_range_m": 0.0,
        "status": "high_confidence",
        "contrast_ratio": 1.64,
        "marker_color": "#007aff"
      }
    },
    {
      "type": "Feature",
      "geometry": {
        "type": "Point",
        "coordinates": [
          72.8352513,
          18.923116
        ]
      },
      "properties": {
        "id": "a00d2025",
        "class": "generic_debris",
        "confidence": 65.6,
        "length_m": 1.7,
        "width_m": 1.07,
        "height_m": 0.27,
        "area_m2": 1.82,
        "channel": "port",
        "ground_range_m": 39.61,
        "status": "high_confidence",
        "contrast_ratio": 1.96,
        "marker_color": "#ffcc00"
      }
    },
    {
      "type": "Feature",
      "geometry": {
        "type": "Point",
        "coordinates": [
          72.8354697,
          18.9228195
        ]
      },
      "properties": {
        "id": "2454cc0a",
        "class": "pipe_cylinder",
        "confidence": 64.7,
        "length_m": 1.54,
        "width_m": 3.22,
        "height_m": 10.1,
        "area_m2": 4.97,
        "channel": "starboard",
        "ground_range_m": 0.0,
        "status": "high_confidence",
        "contrast_ratio": 1.55,
        "marker_color": "#007aff"
      }
    },
    {
      "type": "Feature",
      "geometry": {
        "type": "Point",
        "coordinates": [
          72.8351215,
          18.923046
        ]
      },
      "properties": {
        "id": "369f46a1",
        "class": "generic_debris",
        "confidence": 64.5,
        "length_m": 1.7,
        "width_m": 1.17,
        "height_m": 0.24,
        "area_m2": 1.99,
        "channel": "port",
        "ground_range_m": 43.7,
        "status": "high_confidence",
        "contrast_ratio": 1.74,
        "marker_color": "#ffcc00"
      }
    },
    {
      "type": "Feature",
      "geometry": {
        "type": "Point",
        "coordinates": [
          72.8352056,
          18.9231221
        ]
      },
      "properties": {
        "id": "d8326729",
        "class": "generic_debris",
        "confidence": 64.5,
        "length_m": 1.7,
        "width_m": 9.86,
        "height_m": 1.72,
        "area_m2": 16.74,
        "channel": "port",
        "ground_range_m": 43.46,
        "status": "high_confidence",
        "contrast_ratio": 5.82,
        "marker_color": "#ffcc00"
      }
    },
    {
      "type": "Feature",
      "geometry": {
        "type": "Point",
        "coordinates": [
          72.835212,
          18.9231406
        ]
      },
      "properties": {
        "id": "c2ef4bcf",
        "class": "generic_debris",
        "confidence": 63.6,
        "length_m": 2.01,
        "width_m": 8.89,
        "height_m": 1.45,
        "area_m2": 17.83,
        "channel": "port",
        "ground_range_m": 44.46,
        "status": "high_confidence",
        "contrast_ratio": 3.56,
        "marker_color": "#ffcc00"
      }
    },
    {
      "type": "Feature",
      "geometry": {
        "type": "Point",
        "coordinates": [
          72.8351387,
          18.9230347
        ]
      },
      "properties": {
        "id": "998357f7",
        "class": "generic_debris",
        "confidence": 63.5,
        "length_m": 1.54,
        "width_m": 1.07,
        "height_m": 0.25,
        "area_m2": 1.66,
        "channel": "port",
        "ground_range_m": 41.53,
        "status": "high_confidence",
        "contrast_ratio": 1.75,
        "marker_color": "#ffcc00"
      }
    },
    {
      "type": "Feature",
      "geometry": {
        "type": "Point",
        "coordinates": [
          72.8351879,
          18.9220818
        ]
      },
      "properties": {
        "id": "8c02d9c1",
        "class": "generic_debris",
        "confidence": 63.2,
        "length_m": 1.54,
        "width_m": 1.17,
        "height_m": 0.31,
        "area_m2": 1.81,
        "channel": "starboard",
        "ground_range_m": 37.34,
        "status": "high_confidence",
        "contrast_ratio": 1.56,
        "marker_color": "#ffcc00"
      }
    },
    {
      "type": "Feature",
      "geometry": {
        "type": "Point",
        "coordinates": [
          72.835478,
          18.9228273
        ]
      },
      "properties": {
        "id": "15cacab4",
        "class": "pipe_cylinder",
        "confidence": 62.5,
        "length_m": 1.85,
        "width_m": 3.12,
        "height_m": 10.04,
        "area_m2": 5.79,
        "channel": "starboard",
        "ground_range_m": 0.0,
        "status": "high_confidence",
        "contrast_ratio": 1.57,
        "marker_color": "#007aff"
      }
    },
    {
      "type": "Feature",
      "geometry": {
        "type": "Point",
        "coordinates": [
          72.8351313,
          18.9230368
        ]
      },
      "properties": {
        "id": "73bbc8d5",
        "class": "ghost_net",
        "confidence": 62.4,
        "length_m": 2.16,
        "width_m": 1.07,
        "height_m": 0.23,
        "area_m2": 2.32,
        "channel": "port",
        "ground_range_m": 42.25,
        "status": "high_confidence",
        "contrast_ratio": 1.68,
        "marker_color": "#ff3b30"
      }
    },
    {
      "type": "Feature",
      "geometry": {
        "type": "Point",
        "coordinates": [
          72.8351161,
          18.922792
        ]
      },
      "properties": {
        "id": "8a9fd424",
        "class": "pipe_cylinder",
        "confidence": 61.5,
        "length_m": 1.54,
        "width_m": 1.37,
        "height_m": 0.53,
        "area_m2": 2.11,
        "channel": "port",
        "ground_range_m": 24.19,
        "status": "high_confidence",
        "contrast_ratio": 1.59,
        "marker_color": "#007aff"
      }
    },
    {
      "type": "Feature",
      "geometry": {
        "type": "Point",
        "coordinates": [
          72.8352018,
          18.9231624
        ]
      },
      "properties": {
        "id": "b206d23f",
        "class": "generic_debris",
        "confidence": 61.1,
        "length_m": 1.7,
        "width_m": 1.27,
        "height_m": 0.25,
        "area_m2": 2.16,
        "channel": "port",
        "ground_range_m": 46.93,
        "status": "high_confidence",
        "contrast_ratio": 1.56,
        "marker_color": "#ffcc00"
      }
    },
    {
      "type": "Feature",
      "geometry": {
        "type": "LineString",
        "coordinates": [
          [
            72.834601,
            18.922001
          ],
          [
            72.8346021,
            18.922002
          ],
          [
            72.8346031,
            18.9220029
          ],
          [
            72.8346041,
            18.9220039
          ],
          [
            72.8346052,
            18.9220049
          ],
          [
            72.8346062,
            18.9220059
          ],
          [
            72.8346073,
            18.9220069
          ],
          [
            72.8346083,
            18.9220079
          ],
          [
            72.8346093,
            18.9220088
          ],
          [
            72.8346104,
            18.9220098
          ],
          [
            72.8346114,
            18.9220108
          ],
          [
            72.8346124,
            18.9220118
          ],
          [
            72.8346135,
            18.9220128
          ],
          [
            72.8346145,
            18.9220137
          ],
          [
            72.8346156,
            18.9220147
          ],
          [
            72.8346166,
            18.9220157
          ],
          [
            72.8346176,
            18.9220167
          ],
          [
            72.8346187,
            18.9220177
          ],
          [
            72.8346197,
            18.9220186
          ],
          [
            72.8346207,
            18.9220196
          ],
          [
            72.8346218,
            18.9220206
          ],
          [
            72.8346228,
            18.9220216
          ],
          [
            72.8346239,
            18.9220226
          ],
          [
            72.8346249,
            18.9220235
          ],
          [
            72.8346259,
            18.9220245
          ],
          [
            72.834627,
            18.9220255
          ],
          [
            72.834628,
            18.9220265
          ],
          [
            72.834629,
            18.9220275
          ],
          [
            72.8346301,
            18.9220284
          ],
          [
            72.8346311,
            18.9220294
          ],
          [
            72.8346321,
            18.9220304
          ],
          [
            72.8346332,
            18.9220314
          ],
          [
            72.8346342,
            18.9220324
          ],
          [
            72.8346353,
            18.9220334
          ],
          [
            72.8346363,
            18.9220343
          ],
          [
            72.8346373,
            18.9220353
          ],
          [
            72.8346384,
            18.9220363
          ],
          [
            72.8346394,
            18.9220373
          ],
          [
            72.8346404,
            18.9220383
          ],
          [
            72.8346415,
            18.9220393
          ],
          [
            72.8346425,
            18.9220403
          ],
          [
            72.8346435,
            18.9220412
          ],
          [
            72.8346446,
            18.9220422
          ],
          [
            72.8346456,
            18.9220432
          ],
          [
            72.8346466,
            18.9220442
          ],
          [
            72.8346477,
            18.9220451
          ],
          [
            72.8346487,
            18.9220461
          ],
          [
            72.8346498,
            18.9220471
          ],
          [
            72.8346508,
            18.9220481
          ],
          [
            72.8346518,
            18.9220491
          ],
          [
            72.8346529,
            18.92205
          ],
          [
            72.8346539,
            18.922051
          ],
          [
            72.8346549,
            18.922052
          ],
          [
            72.834656,
            18.922053
          ],
          [
            72.834657,
            18.922054
          ],
          [
            72.834658,
            18.922055
          ],
          [
            72.8346591,
            18.922056
          ],
          [
            72.8346601,
            18.9220569
          ],
          [
            72.8346611,
            18.9220579
          ],
          [
            72.8346622,
            18.9220589
          ],
          [
            72.8346632,
            18.9220599
          ],
          [
            72.8346642,
            18.9220609
          ],
          [
            72.8346653,
            18.9220619
          ],
          [
            72.8346663,
            18.9220629
          ],
          [
            72.8346673,
            18.9220638
          ],
          [
            72.8346684,
            18.9220648
          ],
          [
            72.8346694,
            18.9220658
          ],
          [
            72.8346704,
            18.9220668
          ],
          [
            72.8346715,
            18.9220678
          ],
          [
            72.8346725,
            18.9220688
          ],
          [
            72.8346735,
            18.9220697
          ],
          [
            72.8346746,
            18.9220707
          ],
          [
            72.8346756,
            18.9220717
          ],
          [
            72.8346766,
            18.9220727
          ],
          [
            72.8346777,
            18.9220737
          ],
          [
            72.8346787,
            18.9220747
          ],
          [
            72.8346797,
            18.9220756
          ],
          [
            72.8346808,
            18.9220766
          ],
          [
            72.8346818,
            18.9220776
          ],
          [
            72.8346828,
            18.9220786
          ],
          [
            72.8346839,
            18.9220796
          ],
          [
            72.8346849,
            18.9220806
          ],
          [
            72.8346859,
            18.9220815
          ],
          [
            72.834687,
            18.9220825
          ],
          [
            72.834688,
            18.9220835
          ],
          [
            72.834689,
            18.9220845
          ],
          [
            72.8346901,
            18.9220855
          ],
          [
            72.8346911,
            18.9220865
          ],
          [
            72.8346921,
            18.9220875
          ],
          [
            72.8346932,
            18.9220885
          ],
          [
            72.8346942,
            18.9220894
          ],
          [
            72.8346952,
            18.9220904
          ],
          [
            72.8346962,
            18.9220914
          ],
          [
            72.8346973,
            18.9220924
          ],
          [
            72.8346983,
            18.9220934
          ],
          [
            72.8346993,
            18.9220944
          ],
          [
            72.8347004,
            18.9220954
          ],
          [
            72.8347014,
            18.9220964
          ],
          [
            72.8347024,
            18.9220973
          ],
          [
            72.8347035,
            18.9220983
          ],
          [
            72.8347045,
            18.9220993
          ],
          [
            72.8347055,
            18.9221003
          ],
          [
            72.8347066,
            18.9221013
          ],
          [
            72.8347076,
            18.9221023
          ],
          [
            72.8347086,
            18.9221033
          ],
          [
            72.8347097,
            18.9221042
          ],
          [
            72.8347107,
            18.9221052
          ],
          [
            72.8347117,
            18.9221062
          ],
          [
            72.8347128,
            18.9221072
          ],
          [
            72.8347138,
            18.9221082
          ],
          [
            72.8347148,
            18.9221092
          ],
          [
            72.8347159,
            18.9221101
          ],
          [
            72.8347169,
            18.9221111
          ],
          [
            72.8347179,
            18.9221121
          ],
          [
            72.834719,
            18.9221131
          ],
          [
            72.83472,
            18.9221141
          ],
          [
            72.834721,
            18.9221151
          ],
          [
            72.8347221,
            18.922116
          ],
          [
            72.8347231,
            18.922117
          ],
          [
            72.8347241,
            18.922118
          ],
          [
            72.8347252,
            18.922119
          ],
          [
            72.8347262,
            18.92212
          ],
          [
            72.8347272,
            18.922121
          ],
          [
            72.8347283,
            18.9221219
          ],
          [
            72.8347293,
            18.9221229
          ],
          [
            72.8347303,
            18.9221239
          ],
          [
            72.8347314,
            18.9221249
          ],
          [
            72.8347324,
            18.9221259
          ],
          [
            72.8347335,
            18.9221269
          ],
          [
            72.8347345,
            18.9221278
          ],
          [
            72.8347355,
            18.9221288
          ],
          [
            72.8347366,
            18.9221298
          ],
          [
            72.8347376,
            18.9221308
          ],
          [
            72.8347386,
            18.9221318
          ],
          [
            72.8347397,
            18.9221327
          ],
          [
            72.8347407,
            18.9221337
          ],
          [
            72.8347418,
            18.9221347
          ],
          [
            72.8347428,
            18.9221357
          ],
          [
            72.8347438,
            18.9221367
          ],
          [
            72.8347449,
            18.9221377
          ],
          [
            72.8347459,
            18.9221386
          ],
          [
            72.8347469,
            18.9221396
          ],
          [
            72.834748,
            18.9221406
          ],
          [
            72.834749,
            18.9221416
          ],
          [
            72.83475,
            18.9221426
          ],
          [
            72.8347511,
            18.9221436
          ],
          [
            72.8347521,
            18.9221445
          ],
          [
            72.8347531,
            18.9221455
          ],
          [
            72.8347542,
            18.9221465
          ],
          [
            72.8347552,
            18.9221475
          ],
          [
            72.8347563,
            18.9221484
          ],
          [
            72.8347573,
            18.9221494
          ],
          [
            72.8347584,
            18.9221504
          ],
          [
            72.8347594,
            18.9221514
          ],
          [
            72.8347604,
            18.9221523
          ],
          [
            72.8347615,
            18.9221533
          ],
          [
            72.8347625,
            18.9221543
          ],
          [
            72.8347636,
            18.9221553
          ],
          [
            72.8347646,
            18.9221562
          ],
          [
            72.8347657,
            18.9221572
          ],
          [
            72.8347667,
            18.9221582
          ],
          [
            72.8347678,
            18.9221591
          ],
          [
            72.8347688,
            18.9221601
          ],
          [
            72.8347699,
            18.9221611
          ],
          [
            72.8347709,
            18.9221621
          ],
          [
            72.8347719,
            18.9221631
          ],
          [
            72.834773,
            18.922164
          ],
          [
            72.834774,
            18.922165
          ],
          [
            72.8347751,
            18.922166
          ],
          [
            72.8347761,
            18.922167
          ],
          [
            72.8347771,
            18.9221679
          ],
          [
            72.8347782,
            18.9221689
          ],
          [
            72.8347792,
            18.9221699
          ],
          [
            72.8347803,
            18.9221709
          ],
          [
            72.8347813,
            18.9221719
          ],
          [
            72.8347823,
            18.9221728
          ],
          [
            72.8347834,
            18.9221738
          ],
          [
            72.8347844,
            18.9221748
          ],
          [
            72.8347855,
            18.9221758
          ],
          [
            72.8347865,
            18.9221767
          ],
          [
            72.8347876,
            18.9221777
          ],
          [
            72.8347886,
            18.9221787
          ],
          [
            72.8347896,
            18.9221797
          ],
          [
            72.8347907,
            18.9221806
          ],
          [
            72.8347917,
            18.9221816
          ],
          [
            72.8347928,
            18.9221826
          ],
          [
            72.8347938,
            18.9221835
          ],
          [
            72.8347949,
            18.9221845
          ],
          [
            72.8347959,
            18.9221855
          ],
          [
            72.834797,
            18.9221865
          ],
          [
            72.834798,
            18.9221875
          ],
          [
            72.834799,
            18.9221884
          ],
          [
            72.8348001,
            18.9221894
          ],
          [
            72.8348011,
            18.9221904
          ],
          [
            72.8348022,
            18.9221914
          ],
          [
            72.8348032,
            18.9221923
          ],
          [
            72.8348042,
            18.9221933
          ],
          [
            72.8348053,
            18.9221943
          ],
          [
            72.8348063,
            18.9221953
          ],
          [
            72.8348074,
            18.9221962
          ],
          [
            72.8348084,
            18.9221972
          ],
          [
            72.8348095,
            18.9221982
          ],
          [
            72.8348105,
            18.9221992
          ],
          [
            72.8348115,
            18.9222002
          ],
          [
            72.8348126,
            18.9222011
          ],
          [
            72.8348136,
            18.9222021
          ],
          [
            72.8348147,
            18.9222031
          ],
          [
            72.8348157,
            18.9222041
          ],
          [
            72.8348167,
            18.9222051
          ],
          [
            72.8348178,
            18.922206
          ],
          [
            72.8348188,
            18.922207
          ],
          [
            72.8348198,
            18.922208
          ],
          [
            72.8348209,
            18.922209
          ],
          [
            72.8348219,
            18.92221
          ],
          [
            72.834823,
            18.9222109
          ],
          [
            72.834824,
            18.9222119
          ],
          [
            72.834825,
            18.9222129
          ],
          [
            72.8348261,
            18.9222139
          ],
          [
            72.8348271,
            18.9222148
          ],
          [
            72.8348282,
            18.9222158
          ],
          [
            72.8348292,
            18.9222168
          ],
          [
            72.8348303,
            18.9222178
          ],
          [
            72.8348313,
            18.9222187
          ],
          [
            72.8348323,
            18.9222197
          ],
          [
            72.8348334,
            18.9222207
          ],
          [
            72.8348344,
            18.9222217
          ],
          [
            72.8348355,
            18.9222226
          ],
          [
            72.8348365,
            18.9222236
          ],
          [
            72.8348376,
            18.9222246
          ],
          [
            72.8348386,
            18.9222256
          ],
          [
            72.8348396,
            18.9222265
          ],
          [
            72.8348407,
            18.9222275
          ],
          [
            72.8348417,
            18.9222285
          ],
          [
            72.8348427,
            18.9222295
          ],
          [
            72.8348438,
            18.9222305
          ],
          [
            72.8348448,
            18.9222315
          ],
          [
            72.8348459,
            18.9222324
          ],
          [
            72.8348469,
            18.9222334
          ],
          [
            72.8348479,
            18.9222344
          ],
          [
            72.834849,
            18.9222354
          ],
          [
            72.83485,
            18.9222364
          ],
          [
            72.8348511,
            18.9222373
          ],
          [
            72.8348521,
            18.9222383
          ],
          [
            72.8348531,
            18.9222393
          ],
          [
            72.8348542,
            18.9222403
          ],
          [
            72.8348552,
            18.9222412
          ],
          [
            72.8348563,
            18.9222422
          ],
          [
            72.8348573,
            18.9222432
          ],
          [
            72.8348584,
            18.9222442
          ],
          [
            72.8348594,
            18.9222451
          ],
          [
            72.8348604,
            18.9222461
          ],
          [
            72.8348615,
            18.9222471
          ],
          [
            72.8348625,
            18.9222481
          ],
          [
            72.8348635,
            18.9222491
          ],
          [
            72.8348646,
            18.9222501
          ],
          [
            72.8348656,
            18.922251
          ],
          [
            72.8348666,
            18.922252
          ],
          [
            72.8348676,
            18.922253
          ],
          [
            72.8348687,
            18.922254
          ],
          [
            72.8348697,
            18.922255
          ],
          [
            72.8348707,
            18.922256
          ],
          [
            72.8348718,
            18.922257
          ],
          [
            72.8348728,
            18.922258
          ],
          [
            72.8348738,
            18.9222589
          ],
          [
            72.8348749,
            18.9222599
          ],
          [
            72.8348759,
            18.9222609
          ],
          [
            72.8348769,
            18.9222619
          ],
          [
            72.834878,
            18.9222629
          ],
          [
            72.834879,
            18.9222639
          ],
          [
            72.83488,
            18.9222649
          ],
          [
            72.8348811,
            18.9222658
          ],
          [
            72.8348821,
            18.9222668
          ],
          [
            72.8348831,
            18.9222678
          ],
          [
            72.8348842,
            18.9222688
          ],
          [
            72.8348852,
            18.9222698
          ],
          [
            72.8348862,
            18.9222708
          ],
          [
            72.8348873,
            18.9222717
          ],
          [
            72.8348883,
            18.9222727
          ],
          [
            72.8348893,
            18.9222737
          ],
          [
            72.8348904,
            18.9222747
          ],
          [
            72.8348914,
            18.9222757
          ],
          [
            72.8348924,
            18.9222767
          ],
          [
            72.8348934,
            18.9222777
          ],
          [
            72.8348945,
            18.9222787
          ],
          [
            72.8348955,
            18.9222796
          ],
          [
            72.8348965,
            18.9222806
          ],
          [
            72.8348976,
            18.9222816
          ],
          [
            72.8348986,
            18.9222826
          ],
          [
            72.8348996,
            18.9222836
          ],
          [
            72.8349007,
            18.9222846
          ],
          [
            72.8349017,
            18.9222856
          ],
          [
            72.8349027,
            18.9222866
          ],
          [
            72.8349037,
            18.9222876
          ],
          [
            72.8349048,
            18.9222885
          ],
          [
            72.8349058,
            18.9222895
          ],
          [
            72.8349068,
            18.9222905
          ],
          [
            72.8349078,
            18.9222915
          ],
          [
            72.8349089,
            18.9222925
          ],
          [
            72.8349099,
            18.9222935
          ],
          [
            72.8349109,
            18.9222945
          ],
          [
            72.834912,
            18.9222955
          ],
          [
            72.834913,
            18.9222965
          ],
          [
            72.834914,
            18.9222975
          ],
          [
            72.834915,
            18.9222984
          ],
          [
            72.8349161,
            18.9222994
          ],
          [
            72.8349171,
            18.9223004
          ],
          [
            72.8349181,
            18.9223014
          ],
          [
            72.8349192,
            18.9223024
          ],
          [
            72.8349202,
            18.9223034
          ],
          [
            72.8349212,
            18.9223044
          ],
          [
            72.8349222,
            18.9223054
          ],
          [
            72.8349233,
            18.9223064
          ],
          [
            72.8349243,
            18.9223073
          ],
          [
            72.8349253,
            18.9223083
          ],
          [
            72.8349264,
            18.9223093
          ],
          [
            72.8349274,
            18.9223103
          ],
          [
            72.8349284,
            18.9223113
          ],
          [
            72.8349295,
            18.9223123
          ],
          [
            72.8349305,
            18.9223133
          ],
          [
            72.8349315,
            18.9223142
          ],
          [
            72.8349326,
            18.9223152
          ],
          [
            72.8349336,
            18.9223162
          ],
          [
            72.8349346,
            18.9223172
          ],
          [
            72.8349357,
            18.9223182
          ],
          [
            72.8349367,
            18.9223192
          ],
          [
            72.8349377,
            18.9223201
          ],
          [
            72.8349388,
            18.9223211
          ],
          [
            72.8349398,
            18.9223221
          ],
          [
            72.8349408,
            18.9223231
          ],
          [
            72.8349419,
            18.9223241
          ],
          [
            72.8349429,
            18.9223251
          ],
          [
            72.8349439,
            18.9223261
          ],
          [
            72.8349449,
            18.9223271
          ],
          [
            72.834946,
            18.922328
          ],
          [
            72.834947,
            18.922329
          ],
          [
            72.834948,
            18.92233
          ],
          [
            72.8349491,
            18.922331
          ],
          [
            72.8349501,
            18.922332
          ],
          [
            72.8349511,
            18.922333
          ],
          [
            72.8349522,
            18.922334
          ],
          [
            72.8349532,
            18.922335
          ],
          [
            72.8349542,
            18.922336
          ],
          [
            72.8349552,
            18.9223369
          ],
          [
            72.8349563,
            18.9223379
          ],
          [
            72.8349573,
            18.9223389
          ],
          [
            72.8349583,
            18.9223399
          ],
          [
            72.8349593,
            18.9223409
          ],
          [
            72.8349604,
            18.9223419
          ],
          [
            72.8349614,
            18.9223429
          ],
          [
            72.8349624,
            18.9223439
          ],
          [
            72.8349635,
            18.9223449
          ],
          [
            72.8349645,
            18.9223458
          ],
          [
            72.8349655,
            18.9223468
          ],
          [
            72.8349666,
            18.9223478
          ],
          [
            72.8349676,
            18.9223488
          ],
          [
            72.8349686,
            18.9223498
          ],
          [
            72.8349696,
            18.9223508
          ],
          [
            72.8349707,
            18.9223518
          ],
          [
            72.8349717,
            18.9223528
          ],
          [
            72.8349727,
            18.9223537
          ],
          [
            72.8349738,
            18.9223547
          ],
          [
            72.8349748,
            18.9223557
          ],
          [
            72.8349758,
            18.9223567
          ],
          [
            72.8349769,
            18.9223577
          ],
          [
            72.8349779,
            18.9223587
          ],
          [
            72.8349789,
            18.9223597
          ],
          [
            72.83498,
            18.9223606
          ],
          [
            72.834981,
            18.9223616
          ],
          [
            72.834982,
            18.9223626
          ],
          [
            72.8349831,
            18.9223636
          ],
          [
            72.8349841,
            18.9223646
          ],
          [
            72.8349851,
            18.9223656
          ],
          [
            72.8349862,
            18.9223665
          ],
          [
            72.8349872,
            18.9223675
          ],
          [
            72.8349882,
            18.9223685
          ],
          [
            72.8349893,
            18.9223695
          ],
          [
            72.8349903,
            18.9223705
          ],
          [
            72.8349913,
            18.9223715
          ],
          [
            72.8349924,
            18.9223724
          ],
          [
            72.8349934,
            18.9223734
          ],
          [
            72.8349945,
            18.9223744
          ],
          [
            72.8349955,
            18.9223754
          ],
          [
            72.8349966,
            18.9223763
          ],
          [
            72.8349976,
            18.9223773
          ],
          [
            72.8349986,
            18.9223783
          ],
          [
            72.8349997,
            18.9223793
          ],
          [
            72.8350007,
            18.9223803
          ],
          [
            72.8350017,
            18.9223812
          ],
          [
            72.8350028,
            18.9223822
          ],
          [
            72.8350038,
            18.9223832
          ],
          [
            72.8350049,
            18.9223842
          ],
          [
            72.8350059,
            18.9223851
          ],
          [
            72.835007,
            18.9223861
          ],
          [
            72.835008,
            18.9223871
          ],
          [
            72.835009,
            18.9223881
          ],
          [
            72.8350101,
            18.9223891
          ],
          [
            72.8350111,
            18.92239
          ],
          [
            72.8350121,
            18.922391
          ],
          [
            72.8350132,
            18.922392
          ],
          [
            72.8350142,
            18.922393
          ],
          [
            72.8350153,
            18.9223939
          ],
          [
            72.8350163,
            18.9223949
          ],
          [
            72.8350174,
            18.9223959
          ],
          [
            72.8350184,
            18.9223969
          ],
          [
            72.8350194,
            18.9223978
          ],
          [
            72.8350205,
            18.9223988
          ],
          [
            72.8350215,
            18.9223998
          ],
          [
            72.8350226,
            18.9224008
          ],
          [
            72.8350236,
            18.9224017
          ],
          [
            72.8350247,
            18.9224027
          ],
          [
            72.8350257,
            18.9224037
          ],
          [
            72.8350268,
            18.9224047
          ],
          [
            72.8350278,
            18.9224056
          ],
          [
            72.8350288,
            18.9224066
          ],
          [
            72.8350299,
            18.9224076
          ],
          [
            72.8350309,
            18.9224086
          ],
          [
            72.835032,
            18.9224095
          ],
          [
            72.835033,
            18.9224105
          ],
          [
            72.8350341,
            18.9224115
          ],
          [
            72.8350351,
            18.9224124
          ],
          [
            72.8350362,
            18.9224134
          ],
          [
            72.8350372,
            18.9224144
          ],
          [
            72.8350383,
            18.9224154
          ],
          [
            72.8350393,
            18.9224163
          ],
          [
            72.8350403,
            18.9224173
          ],
          [
            72.8350414,
            18.9224183
          ],
          [
            72.8350424,
            18.9224193
          ],
          [
            72.8350435,
            18.9224202
          ],
          [
            72.8350445,
            18.9224212
          ],
          [
            72.8350455,
            18.9224222
          ],
          [
            72.8350466,
            18.9224232
          ],
          [
            72.8350476,
            18.9224242
          ],
          [
            72.8350487,
            18.9224251
          ],
          [
            72.8350497,
            18.9224261
          ],
          [
            72.8350508,
            18.9224271
          ],
          [
            72.8350518,
            18.922428
          ],
          [
            72.8350529,
            18.922429
          ],
          [
            72.8350539,
            18.92243
          ],
          [
            72.835055,
            18.922431
          ],
          [
            72.835056,
            18.9224319
          ],
          [
            72.8350571,
            18.9224329
          ],
          [
            72.8350581,
            18.9224339
          ],
          [
            72.8350592,
            18.9224348
          ],
          [
            72.8350602,
            18.9224358
          ],
          [
            72.8350613,
            18.9224368
          ],
          [
            72.8350623,
            18.9224377
          ],
          [
            72.8350634,
            18.9224387
          ],
          [
            72.8350644,
            18.9224397
          ],
          [
            72.8350654,
            18.9224407
          ],
          [
            72.8350665,
            18.9224416
          ],
          [
            72.8350675,
            18.9224426
          ],
          [
            72.8350686,
            18.9224436
          ],
          [
            72.8350696,
            18.9224445
          ],
          [
            72.8350707,
            18.9224455
          ],
          [
            72.8350717,
            18.9224465
          ],
          [
            72.8350728,
            18.9224475
          ],
          [
            72.8350738,
            18.9224485
          ],
          [
            72.8350748,
            18.9224494
          ],
          [
            72.8350759,
            18.9224504
          ],
          [
            72.8350769,
            18.9224514
          ],
          [
            72.835078,
            18.9224523
          ],
          [
            72.835079,
            18.9224533
          ],
          [
            72.8350801,
            18.9224543
          ],
          [
            72.8350811,
            18.9224553
          ],
          [
            72.8350822,
            18.9224562
          ],
          [
            72.8350832,
            18.9224572
          ],
          [
            72.8350842,
            18.9224582
          ],
          [
            72.8350853,
            18.9224592
          ],
          [
            72.8350863,
            18.9224601
          ],
          [
            72.8350874,
            18.9224611
          ],
          [
            72.8350884,
            18.9224621
          ],
          [
            72.8350895,
            18.9224631
          ],
          [
            72.8350905,
            18.922464
          ],
          [
            72.8350916,
            18.922465
          ],
          [
            72.8350926,
            18.922466
          ],
          [
            72.8350937,
            18.9224669
          ],
          [
            72.8350947,
            18.9224679
          ],
          [
            72.8350957,
            18.9224689
          ],
          [
            72.8350968,
            18.9224699
          ],
          [
            72.8350978,
            18.9224709
          ],
          [
            72.8350989,
            18.9224718
          ],
          [
            72.8350999,
            18.9224728
          ],
          [
            72.8351009,
            18.9224738
          ],
          [
            72.835102,
            18.9224748
          ],
          [
            72.835103,
            18.9224758
          ],
          [
            72.835104,
            18.9224767
          ],
          [
            72.8351051,
            18.9224777
          ],
          [
            72.8351061,
            18.9224787
          ],
          [
            72.8351072,
            18.9224797
          ],
          [
            72.8351082,
            18.9224807
          ],
          [
            72.8351092,
            18.9224816
          ],
          [
            72.8351103,
            18.9224826
          ],
          [
            72.8351113,
            18.9224836
          ],
          [
            72.8351123,
            18.9224846
          ],
          [
            72.8351134,
            18.9224856
          ],
          [
            72.8351144,
            18.9224866
          ],
          [
            72.8351154,
            18.9224875
          ],
          [
            72.8351165,
            18.9224885
          ],
          [
            72.8351175,
            18.9224895
          ],
          [
            72.8351185,
            18.9224905
          ],
          [
            72.8351196,
            18.9224915
          ],
          [
            72.8351206,
            18.9224925
          ],
          [
            72.8351217,
            18.9224934
          ],
          [
            72.8351227,
            18.9224944
          ],
          [
            72.8351237,
            18.9224954
          ],
          [
            72.8351248,
            18.9224964
          ],
          [
            72.8351258,
            18.9224974
          ],
          [
            72.8351268,
            18.9224983
          ],
          [
            72.8351279,
            18.9224993
          ],
          [
            72.8351289,
            18.9225003
          ],
          [
            72.83513,
            18.9225013
          ],
          [
            72.835131,
            18.9225023
          ],
          [
            72.835132,
            18.9225032
          ],
          [
            72.8351331,
            18.9225042
          ],
          [
            72.8351341,
            18.9225052
          ],
          [
            72.8351351,
            18.9225062
          ],
          [
            72.8351362,
            18.9225072
          ],
          [
            72.8351372,
            18.9225082
          ],
          [
            72.8351383,
            18.9225091
          ],
          [
            72.8351393,
            18.9225101
          ],
          [
            72.8351403,
            18.9225111
          ],
          [
            72.8351414,
            18.9225121
          ],
          [
            72.8351424,
            18.922513
          ],
          [
            72.8351435,
            18.922514
          ],
          [
            72.8351445,
            18.922515
          ],
          [
            72.8351456,
            18.922516
          ],
          [
            72.8351466,
            18.9225169
          ],
          [
            72.8351476,
            18.9225179
          ],
          [
            72.8351487,
            18.9225189
          ],
          [
            72.8351497,
            18.9225199
          ],
          [
            72.8351508,
            18.9225208
          ],
          [
            72.8351518,
            18.9225218
          ],
          [
            72.8351529,
            18.9225228
          ],
          [
            72.8351539,
            18.9225237
          ],
          [
            72.835155,
            18.9225247
          ],
          [
            72.835156,
            18.9225257
          ],
          [
            72.835157,
            18.9225267
          ],
          [
            72.8351581,
            18.9225276
          ],
          [
            72.8351591,
            18.9225286
          ],
          [
            72.8351602,
            18.9225296
          ],
          [
            72.8351612,
            18.9225306
          ],
          [
            72.8351623,
            18.9225315
          ],
          [
            72.8351633,
            18.9225325
          ],
          [
            72.8351644,
            18.9225335
          ],
          [
            72.8351654,
            18.9225344
          ],
          [
            72.8351665,
            18.9225354
          ],
          [
            72.8351675,
            18.9225364
          ],
          [
            72.8351686,
            18.9225374
          ],
          [
            72.8351696,
            18.9225383
          ],
          [
            72.8351706,
            18.9225393
          ],
          [
            72.8351717,
            18.9225403
          ],
          [
            72.8351727,
            18.9225413
          ],
          [
            72.8351738,
            18.9225422
          ],
          [
            72.8351748,
            18.9225432
          ],
          [
            72.8351759,
            18.9225442
          ],
          [
            72.8351769,
            18.9225451
          ],
          [
            72.835178,
            18.9225461
          ],
          [
            72.835179,
            18.9225471
          ],
          [
            72.8351801,
            18.922548
          ],
          [
            72.8351811,
            18.922549
          ],
          [
            72.8351822,
            18.92255
          ],
          [
            72.8351832,
            18.922551
          ],
          [
            72.8351843,
            18.9225519
          ],
          [
            72.8351853,
            18.9225529
          ],
          [
            72.8351863,
            18.9225539
          ],
          [
            72.8351874,
            18.9225549
          ],
          [
            72.8351884,
            18.9225558
          ],
          [
            72.8351895,
            18.9225568
          ],
          [
            72.8351905,
            18.9225578
          ],
          [
            72.8351916,
            18.9225587
          ],
          [
            72.8351926,
            18.9225597
          ],
          [
            72.8351937,
            18.9225607
          ],
          [
            72.8351947,
            18.9225617
          ],
          [
            72.8351958,
            18.9225626
          ],
          [
            72.8351968,
            18.9225636
          ],
          [
            72.8351979,
            18.9225646
          ],
          [
            72.8351989,
            18.9225655
          ],
          [
            72.8352,
            18.9225665
          ],
          [
            72.835201,
            18.9225675
          ],
          [
            72.8352021,
            18.9225684
          ],
          [
            72.8352032,
            18.9225694
          ],
          [
            72.8352042,
            18.9225703
          ],
          [
            72.8352053,
            18.9225713
          ],
          [
            72.8352063,
            18.9225723
          ],
          [
            72.8352074,
            18.9225732
          ],
          [
            72.8352084,
            18.9225742
          ],
          [
            72.8352095,
            18.9225752
          ],
          [
            72.8352105,
            18.9225761
          ],
          [
            72.8352116,
            18.9225771
          ],
          [
            72.8352127,
            18.922578
          ],
          [
            72.8352137,
            18.922579
          ],
          [
            72.8352148,
            18.9225799
          ],
          [
            72.8352158,
            18.9225809
          ],
          [
            72.8352169,
            18.9225819
          ],
          [
            72.835218,
            18.9225828
          ],
          [
            72.835219,
            18.9225838
          ],
          [
            72.8352201,
            18.9225848
          ],
          [
            72.8352211,
            18.9225857
          ],
          [
            72.8352222,
            18.9225867
          ],
          [
            72.8352233,
            18.9225876
          ],
          [
            72.8352243,
            18.9225886
          ],
          [
            72.8352254,
            18.9225895
          ],
          [
            72.8352264,
            18.9225905
          ],
          [
            72.8352275,
            18.9225915
          ],
          [
            72.8352286,
            18.9225924
          ],
          [
            72.8352296,
            18.9225934
          ],
          [
            72.8352307,
            18.9225943
          ],
          [
            72.8352318,
            18.9225953
          ],
          [
            72.8352328,
            18.9225962
          ],
          [
            72.8352339,
            18.9225972
          ],
          [
            72.8352349,
            18.9225981
          ],
          [
            72.835236,
            18.9225991
          ],
          [
            72.8352371,
            18.9226001
          ],
          [
            72.8352381,
            18.922601
          ],
          [
            72.8352392,
            18.922602
          ],
          [
            72.8352403,
            18.9226029
          ],
          [
            72.8352413,
            18.9226039
          ],
          [
            72.8352424,
            18.9226048
          ],
          [
            72.8352434,
            18.9226058
          ],
          [
            72.8352445,
            18.9226068
          ],
          [
            72.8352455,
            18.9226077
          ],
          [
            72.8352466,
            18.9226087
          ],
          [
            72.8352477,
            18.9226097
          ],
          [
            72.8352487,
            18.9226106
          ],
          [
            72.8352498,
            18.9226116
          ],
          [
            72.8352508,
            18.9226126
          ],
          [
            72.8352519,
            18.9226135
          ],
          [
            72.8352529,
            18.9226145
          ],
          [
            72.835254,
            18.9226154
          ],
          [
            72.835255,
            18.9226164
          ],
          [
            72.8352561,
            18.9226174
          ],
          [
            72.8352572,
            18.9226183
          ],
          [
            72.8352582,
            18.9226193
          ],
          [
            72.8352593,
            18.9226203
          ],
          [
            72.8352603,
            18.9226212
          ],
          [
            72.8352614,
            18.9226222
          ],
          [
            72.8352624,
            18.9226232
          ],
          [
            72.8352635,
            18.9226241
          ],
          [
            72.8352645,
            18.9226251
          ],
          [
            72.8352656,
            18.9226261
          ],
          [
            72.8352666,
            18.922627
          ],
          [
            72.8352677,
            18.922628
          ],
          [
            72.8352687,
            18.922629
          ],
          [
            72.8352698,
            18.9226299
          ],
          [
            72.8352708,
            18.9226309
          ],
          [
            72.8352719,
            18.9226319
          ],
          [
            72.8352729,
            18.9226329
          ],
          [
            72.835274,
            18.9226338
          ],
          [
            72.835275,
            18.9226348
          ],
          [
            72.8352761,
            18.9226358
          ],
          [
            72.8352771,
            18.9226367
          ],
          [
            72.8352782,
            18.9226377
          ],
          [
            72.8352792,
            18.9226387
          ],
          [
            72.8352802,
            18.9226397
          ],
          [
            72.8352813,
            18.9226406
          ],
          [
            72.8352823,
            18.9226416
          ],
          [
            72.8352834,
            18.9226426
          ],
          [
            72.8352844,
            18.9226436
          ],
          [
            72.8352855,
            18.9226445
          ],
          [
            72.8352865,
            18.9226455
          ],
          [
            72.8352876,
            18.9226465
          ],
          [
            72.8352886,
            18.9226475
          ],
          [
            72.8352896,
            18.9226484
          ],
          [
            72.8352907,
            18.9226494
          ],
          [
            72.8352917,
            18.9226504
          ],
          [
            72.8352928,
            18.9226514
          ],
          [
            72.8352938,
            18.9226524
          ],
          [
            72.8352948,
            18.9226533
          ],
          [
            72.8352959,
            18.9226543
          ],
          [
            72.8352969,
            18.9226553
          ],
          [
            72.8352979,
            18.9226563
          ],
          [
            72.835299,
            18.9226573
          ],
          [
            72.8353,
            18.9226582
          ],
          [
            72.835301,
            18.9226592
          ],
          [
            72.8353021,
            18.9226602
          ],
          [
            72.8353031,
            18.9226612
          ],
          [
            72.8353042,
            18.9226622
          ],
          [
            72.8353052,
            18.9226631
          ],
          [
            72.8353062,
            18.9226641
          ],
          [
            72.8353073,
            18.9226651
          ],
          [
            72.8353083,
            18.9226661
          ],
          [
            72.8353094,
            18.922667
          ],
          [
            72.8353104,
            18.922668
          ],
          [
            72.8353114,
            18.922669
          ],
          [
            72.8353125,
            18.92267
          ],
          [
            72.8353135,
            18.922671
          ],
          [
            72.8353146,
            18.9226719
          ],
          [
            72.8353156,
            18.9226729
          ],
          [
            72.8353167,
            18.9226739
          ],
          [
            72.8353177,
            18.9226749
          ],
          [
            72.8353187,
            18.9226758
          ],
          [
            72.8353198,
            18.9226768
          ],
          [
            72.8353208,
            18.9226778
          ],
          [
            72.8353219,
            18.9226788
          ],
          [
            72.8353229,
            18.9226797
          ],
          [
            72.835324,
            18.9226807
          ],
          [
            72.835325,
            18.9226817
          ],
          [
            72.835326,
            18.9226827
          ],
          [
            72.8353271,
            18.9226837
          ],
          [
            72.8353281,
            18.9226846
          ],
          [
            72.8353291,
            18.9226856
          ],
          [
            72.8353302,
            18.9226866
          ],
          [
            72.8353312,
            18.9226876
          ],
          [
            72.8353323,
            18.9226886
          ],
          [
            72.8353333,
            18.9226895
          ],
          [
            72.8353343,
            18.9226905
          ],
          [
            72.8353354,
            18.9226915
          ],
          [
            72.8353364,
            18.9226925
          ],
          [
            72.8353375,
            18.9226934
          ],
          [
            72.8353385,
            18.9226944
          ],
          [
            72.8353395,
            18.9226954
          ],
          [
            72.8353406,
            18.9226964
          ],
          [
            72.8353416,
            18.9226973
          ],
          [
            72.8353427,
            18.9226983
          ],
          [
            72.8353437,
            18.9226993
          ],
          [
            72.8353448,
            18.9227003
          ],
          [
            72.8353458,
            18.9227013
          ],
          [
            72.8353468,
            18.9227022
          ],
          [
            72.8353479,
            18.9227032
          ],
          [
            72.8353489,
            18.9227042
          ],
          [
            72.83535,
            18.9227052
          ],
          [
            72.835351,
            18.9227062
          ],
          [
            72.835352,
            18.9227071
          ],
          [
            72.8353531,
            18.9227081
          ],
          [
            72.8353541,
            18.9227091
          ],
          [
            72.8353551,
            18.9227101
          ],
          [
            72.8353562,
            18.9227111
          ],
          [
            72.8353572,
            18.9227121
          ],
          [
            72.8353582,
            18.922713
          ],
          [
            72.8353593,
            18.922714
          ],
          [
            72.8353603,
            18.922715
          ],
          [
            72.8353613,
            18.922716
          ],
          [
            72.8353624,
            18.922717
          ],
          [
            72.8353634,
            18.9227179
          ],
          [
            72.8353645,
            18.9227189
          ],
          [
            72.8353655,
            18.9227199
          ],
          [
            72.8353665,
            18.9227209
          ],
          [
            72.8353676,
            18.9227218
          ],
          [
            72.8353686,
            18.9227228
          ],
          [
            72.8353697,
            18.9227238
          ],
          [
            72.8353707,
            18.9227248
          ],
          [
            72.8353717,
            18.9227258
          ],
          [
            72.8353728,
            18.9227268
          ],
          [
            72.8353738,
            18.9227277
          ],
          [
            72.8353748,
            18.9227287
          ],
          [
            72.8353759,
            18.9227297
          ],
          [
            72.8353769,
            18.9227307
          ],
          [
            72.8353779,
            18.9227317
          ],
          [
            72.8353789,
            18.9227327
          ],
          [
            72.83538,
            18.9227337
          ],
          [
            72.835381,
            18.9227347
          ],
          [
            72.835382,
            18.9227357
          ],
          [
            72.8353831,
            18.9227366
          ],
          [
            72.8353841,
            18.9227376
          ],
          [
            72.8353851,
            18.9227386
          ],
          [
            72.8353861,
            18.9227396
          ],
          [
            72.8353871,
            18.9227406
          ],
          [
            72.8353882,
            18.9227416
          ],
          [
            72.8353892,
            18.9227426
          ],
          [
            72.8353902,
            18.9227436
          ],
          [
            72.8353912,
            18.9227446
          ],
          [
            72.8353923,
            18.9227456
          ],
          [
            72.8353933,
            18.9227466
          ],
          [
            72.8353943,
            18.9227476
          ],
          [
            72.8353953,
            18.9227486
          ],
          [
            72.8353963,
            18.9227496
          ],
          [
            72.8353973,
            18.9227506
          ],
          [
            72.8353984,
            18.9227516
          ],
          [
            72.8353994,
            18.9227526
          ],
          [
            72.8354004,
            18.9227536
          ],
          [
            72.8354014,
            18.9227546
          ],
          [
            72.8354024,
            18.9227556
          ],
          [
            72.8354035,
            18.9227566
          ],
          [
            72.8354045,
            18.9227576
          ],
          [
            72.8354055,
            18.9227586
          ],
          [
            72.8354065,
            18.9227596
          ],
          [
            72.8354075,
            18.9227606
          ],
          [
            72.8354086,
            18.9227616
          ],
          [
            72.8354096,
            18.9227625
          ],
          [
            72.8354106,
            18.9227635
          ],
          [
            72.8354116,
            18.9227645
          ],
          [
            72.8354127,
            18.9227655
          ],
          [
            72.8354137,
            18.9227665
          ],
          [
            72.8354147,
            18.9227675
          ],
          [
            72.8354157,
            18.9227685
          ],
          [
            72.8354168,
            18.9227695
          ],
          [
            72.8354178,
            18.9227705
          ],
          [
            72.8354188,
            18.9227715
          ],
          [
            72.8354198,
            18.9227725
          ],
          [
            72.8354209,
            18.9227735
          ],
          [
            72.8354219,
            18.9227744
          ],
          [
            72.8354229,
            18.9227754
          ],
          [
            72.835424,
            18.9227764
          ],
          [
            72.835425,
            18.9227774
          ],
          [
            72.835426,
            18.9227784
          ],
          [
            72.8354271,
            18.9227794
          ],
          [
            72.8354281,
            18.9227804
          ],
          [
            72.8354291,
            18.9227813
          ],
          [
            72.8354302,
            18.9227823
          ],
          [
            72.8354312,
            18.9227833
          ],
          [
            72.8354323,
            18.9227843
          ],
          [
            72.8354333,
            18.9227853
          ],
          [
            72.8354343,
            18.9227862
          ],
          [
            72.8354354,
            18.9227872
          ],
          [
            72.8354364,
            18.9227882
          ],
          [
            72.8354374,
            18.9227892
          ],
          [
            72.8354385,
            18.9227902
          ],
          [
            72.8354395,
            18.9227911
          ],
          [
            72.8354406,
            18.9227921
          ],
          [
            72.8354416,
            18.9227931
          ],
          [
            72.8354426,
            18.9227941
          ],
          [
            72.8354437,
            18.922795
          ],
          [
            72.8354447,
            18.922796
          ],
          [
            72.8354458,
            18.922797
          ],
          [
            72.8354468,
            18.922798
          ],
          [
            72.8354478,
            18.922799
          ],
          [
            72.8354489,
            18.9227999
          ],
          [
            72.8354499,
            18.9228009
          ],
          [
            72.8354509,
            18.9228019
          ],
          [
            72.835452,
            18.9228029
          ],
          [
            72.835453,
            18.9228039
          ],
          [
            72.8354541,
            18.9228048
          ],
          [
            72.8354551,
            18.9228058
          ],
          [
            72.8354561,
            18.9228068
          ],
          [
            72.8354572,
            18.9228078
          ],
          [
            72.8354582,
            18.9228088
          ],
          [
            72.8354593,
            18.9228097
          ],
          [
            72.8354603,
            18.9228107
          ],
          [
            72.8354613,
            18.9228117
          ],
          [
            72.8354624,
            18.9228127
          ],
          [
            72.8354634,
            18.9228136
          ],
          [
            72.8354645,
            18.9228146
          ],
          [
            72.8354655,
            18.9228156
          ],
          [
            72.8354666,
            18.9228166
          ],
          [
            72.8354676,
            18.9228175
          ],
          [
            72.8354687,
            18.9228185
          ],
          [
            72.8354697,
            18.9228195
          ],
          [
            72.8354707,
            18.9228205
          ],
          [
            72.8354718,
            18.9228214
          ],
          [
            72.8354728,
            18.9228224
          ],
          [
            72.8354739,
            18.9228234
          ],
          [
            72.8354749,
            18.9228244
          ],
          [
            72.8354759,
            18.9228254
          ],
          [
            72.835477,
            18.9228263
          ],
          [
            72.835478,
            18.9228273
          ],
          [
            72.8354791,
            18.9228283
          ],
          [
            72.8354801,
            18.9228293
          ],
          [
            72.8354811,
            18.9228302
          ],
          [
            72.8354822,
            18.9228312
          ],
          [
            72.8354832,
            18.9228322
          ],
          [
            72.8354843,
            18.9228332
          ],
          [
            72.8354853,
            18.9228342
          ],
          [
            72.8354864,
            18.9228351
          ],
          [
            72.8354874,
            18.9228361
          ],
          [
            72.8354884,
            18.9228371
          ],
          [
            72.8354895,
            18.922838
          ],
          [
            72.8354905,
            18.922839
          ],
          [
            72.8354916,
            18.92284
          ],
          [
            72.8354926,
            18.922841
          ],
          [
            72.8354937,
            18.9228419
          ],
          [
            72.8354947,
            18.9228429
          ],
          [
            72.8354958,
            18.9228439
          ],
          [
            72.8354968,
            18.9228448
          ],
          [
            72.8354979,
            18.9228458
          ],
          [
            72.8354989,
            18.9228468
          ],
          [
            72.8355,
            18.9228477
          ],
          [
            72.835501,
            18.9228487
          ],
          [
            72.8355021,
            18.9228497
          ],
          [
            72.8355031,
            18.9228506
          ],
          [
            72.8355042,
            18.9228516
          ],
          [
            72.8355052,
            18.9228526
          ],
          [
            72.8355063,
            18.9228536
          ],
          [
            72.8355073,
            18.9228546
          ],
          [
            72.8355083,
            18.9228555
          ],
          [
            72.8355094,
            18.9228565
          ],
          [
            72.8355104,
            18.9228575
          ],
          [
            72.8355115,
            18.9228585
          ],
          [
            72.8355125,
            18.9228594
          ],
          [
            72.8355135,
            18.9228604
          ],
          [
            72.8355146,
            18.9228614
          ],
          [
            72.8355156,
            18.9228624
          ],
          [
            72.8355167,
            18.9228633
          ],
          [
            72.8355177,
            18.9228643
          ],
          [
            72.8355187,
            18.9228653
          ],
          [
            72.8355198,
            18.9228663
          ],
          [
            72.8355208,
            18.9228673
          ],
          [
            72.8355219,
            18.9228682
          ],
          [
            72.8355229,
            18.9228692
          ],
          [
            72.835524,
            18.9228702
          ],
          [
            72.835525,
            18.9228712
          ],
          [
            72.835526,
            18.9228721
          ],
          [
            72.8355271,
            18.9228731
          ],
          [
            72.8355281,
            18.9228741
          ],
          [
            72.8355291,
            18.9228751
          ],
          [
            72.8355302,
            18.9228761
          ],
          [
            72.8355312,
            18.922877
          ],
          [
            72.8355323,
            18.922878
          ],
          [
            72.8355333,
            18.922879
          ],
          [
            72.8355343,
            18.92288
          ],
          [
            72.8355354,
            18.922881
          ],
          [
            72.8355364,
            18.9228819
          ],
          [
            72.8355375,
            18.9228829
          ],
          [
            72.8355385,
            18.9228839
          ],
          [
            72.8355395,
            18.9228849
          ],
          [
            72.8355406,
            18.9228858
          ],
          [
            72.8355416,
            18.9228868
          ],
          [
            72.8355427,
            18.9228878
          ],
          [
            72.8355437,
            18.9228888
          ],
          [
            72.8355448,
            18.9228897
          ],
          [
            72.8355458,
            18.9228907
          ],
          [
            72.8355469,
            18.9228917
          ],
          [
            72.8355479,
            18.9228926
          ],
          [
            72.835549,
            18.9228936
          ],
          [
            72.83555,
            18.9228946
          ],
          [
            72.8355511,
            18.9228956
          ],
          [
            72.8355521,
            18.9228965
          ],
          [
            72.8355531,
            18.9228975
          ],
          [
            72.8355542,
            18.9228985
          ],
          [
            72.8355552,
            18.9228995
          ],
          [
            72.8355562,
            18.9229005
          ],
          [
            72.8355573,
            18.9229014
          ],
          [
            72.8355583,
            18.9229024
          ],
          [
            72.8355594,
            18.9229034
          ],
          [
            72.8355604,
            18.9229044
          ],
          [
            72.8355614,
            18.9229054
          ],
          [
            72.8355625,
            18.9229064
          ],
          [
            72.8355635,
            18.9229073
          ],
          [
            72.8355645,
            18.9229083
          ],
          [
            72.8355656,
            18.9229093
          ],
          [
            72.8355666,
            18.9229103
          ],
          [
            72.8355676,
            18.9229113
          ],
          [
            72.8355687,
            18.9229123
          ],
          [
            72.8355697,
            18.9229132
          ],
          [
            72.8355707,
            18.9229142
          ],
          [
            72.8355718,
            18.9229152
          ],
          [
            72.8355728,
            18.9229162
          ],
          [
            72.8355738,
            18.9229172
          ],
          [
            72.8355749,
            18.9229181
          ],
          [
            72.8355759,
            18.9229191
          ],
          [
            72.835577,
            18.9229201
          ],
          [
            72.835578,
            18.9229211
          ],
          [
            72.835579,
            18.9229221
          ],
          [
            72.8355801,
            18.9229231
          ],
          [
            72.8355811,
            18.922924
          ],
          [
            72.8355821,
            18.922925
          ],
          [
            72.8355832,
            18.922926
          ],
          [
            72.8355842,
            18.922927
          ],
          [
            72.8355852,
            18.922928
          ],
          [
            72.8355863,
            18.922929
          ],
          [
            72.8355873,
            18.9229299
          ],
          [
            72.8355883,
            18.9229309
          ],
          [
            72.8355894,
            18.9229319
          ],
          [
            72.8355904,
            18.9229329
          ],
          [
            72.8355914,
            18.9229339
          ],
          [
            72.8355925,
            18.9229349
          ],
          [
            72.8355935,
            18.9229358
          ],
          [
            72.8355946,
            18.9229368
          ],
          [
            72.8355956,
            18.9229378
          ],
          [
            72.8355966,
            18.9229388
          ],
          [
            72.8355977,
            18.9229397
          ],
          [
            72.8355987,
            18.9229407
          ],
          [
            72.8355998,
            18.9229417
          ],
          [
            72.8356008,
            18.9229427
          ],
          [
            72.8356019,
            18.9229437
          ],
          [
            72.8356029,
            18.9229446
          ],
          [
            72.8356039,
            18.9229456
          ],
          [
            72.835605,
            18.9229466
          ],
          [
            72.835606,
            18.9229476
          ],
          [
            72.8356071,
            18.9229485
          ],
          [
            72.8356081,
            18.9229495
          ],
          [
            72.8356091,
            18.9229505
          ],
          [
            72.8356102,
            18.9229515
          ],
          [
            72.8356112,
            18.9229524
          ],
          [
            72.8356123,
            18.9229534
          ],
          [
            72.8356133,
            18.9229544
          ],
          [
            72.8356144,
            18.9229554
          ],
          [
            72.8356154,
            18.9229563
          ],
          [
            72.8356164,
            18.9229573
          ],
          [
            72.8356175,
            18.9229583
          ],
          [
            72.8356185,
            18.9229593
          ],
          [
            72.8356196,
            18.9229602
          ],
          [
            72.8356206,
            18.9229612
          ],
          [
            72.8356217,
            18.9229622
          ],
          [
            72.8356227,
            18.9229632
          ],
          [
            72.8356238,
            18.9229641
          ],
          [
            72.8356248,
            18.9229651
          ],
          [
            72.8356259,
            18.9229661
          ],
          [
            72.8356269,
            18.922967
          ],
          [
            72.835628,
            18.922968
          ],
          [
            72.835629,
            18.922969
          ],
          [
            72.8356301,
            18.9229699
          ],
          [
            72.8356311,
            18.9229709
          ],
          [
            72.8356322,
            18.9229719
          ],
          [
            72.8356332,
            18.9229728
          ],
          [
            72.8356343,
            18.9229738
          ],
          [
            72.8356353,
            18.9229748
          ],
          [
            72.8356364,
            18.9229757
          ],
          [
            72.8356375,
            18.9229767
          ],
          [
            72.8356385,
            18.9229776
          ],
          [
            72.8356396,
            18.9229786
          ],
          [
            72.8356406,
            18.9229795
          ],
          [
            72.8356417,
            18.9229805
          ],
          [
            72.8356428,
            18.9229815
          ],
          [
            72.8356438,
            18.9229824
          ],
          [
            72.8356449,
            18.9229834
          ],
          [
            72.835646,
            18.9229843
          ],
          [
            72.835647,
            18.9229853
          ],
          [
            72.8356481,
            18.9229862
          ],
          [
            72.8356491,
            18.9229872
          ],
          [
            72.8356502,
            18.9229882
          ],
          [
            72.8356513,
            18.9229891
          ],
          [
            72.8356523,
            18.9229901
          ],
          [
            72.8356534,
            18.922991
          ],
          [
            72.8356544,
            18.922992
          ],
          [
            72.8356555,
            18.922993
          ],
          [
            72.8356565,
            18.9229939
          ],
          [
            72.8356576,
            18.9229949
          ],
          [
            72.8356587,
            18.9229959
          ],
          [
            72.8356597,
            18.9229968
          ],
          [
            72.8356608,
            18.9229978
          ],
          [
            72.8356618,
            18.9229988
          ],
          [
            72.8356629,
            18.9229997
          ],
          [
            72.8356639,
            18.9230007
          ],
          [
            72.835665,
            18.9230016
          ]
        ]
      },
      "properties": {
        "name": "Survey Mission Track",
        "total_pings": 1024,
        "stroke": "#00ffcc",
        "stroke-width": 3
      }
    }
  ]
}