{
  "type": "FeatureCollection",
  "features": [
    {
      "type": "Feature",
      "geometry": {
        "type": "Point",
        "coordinates": [
          72.8350481,
          18.922676
        ]
      },
      "properties": {
        "id": "76dca2d0",
        "class": "container",
        "confidence": 96.7,
        "length_m": 12.35,
        "width_m": 16.02,
        "height_m": 2.93,
        "area_m2": 197.74,
        "channel": "port",
        "ground_range_m": 20.63,
        "status": "high_confidence",
        "contrast_ratio": 3.37,
        "marker_color": "#5856d6"
      }
    },
    {
      "type": "Feature",
      "geometry": {
        "type": "Point",
        "coordinates": [
          72.835269,
          18.9228011
        ]
      },
      "properties": {
        "id": "2aad319b",
        "class": "container",
        "confidence": 93.6,
        "length_m": 12.66,
        "width_m": 14.55,
        "height_m": 3.13,
        "area_m2": 184.14,
        "channel": "port",
        "ground_range_m": 14.81,
        "status": "high_confidence",
        "contrast_ratio": 3.34,
        "marker_color": "#5856d6"
      }
    },
    {
      "type": "Feature",
      "geometry": {
        "type": "Point",
        "coordinates": [
          72.8345812,
          18.922552
        ]
      },
      "properties": {
        "id": "36b2ccb6",
        "class": "container",
        "confidence": 90.0,
        "length_m": 1.54,
        "width_m": 7.71,
        "height_m": 1.14,
        "area_m2": 11.91,
        "channel": "port",
        "ground_range_m": 45.06,
        "status": "high_confidence",
        "contrast_ratio": 15.84,
        "marker_color": "#5856d6"
      }
    },
    {
      "type": "Feature",
      "geometry": {
        "type": "Point",
        "coordinates": [
          72.8348858,
          18.9224379
        ]
      },
      "properties": {
        "id": "baecdfab",
        "class": "pipe_cylinder",
        "confidence": 87.7,
        "length_m": 20.99,
        "width_m": 5.76,
        "height_m": 1.96,
        "area_m2": 120.93,
        "channel": "port",
        "ground_range_m": 13.73,
        "status": "high_confidence",
        "contrast_ratio": 3.35,
        "marker_color": "#007aff"
      }
    },
    {
      "type": "Feature",
      "geometry": {
        "type": "Point",
        "coordinates": [
          72.8345696,
          18.9225439
        ]
      },
      "properties": {
        "id": "18ee6b53",
        "class": "ghost_net",
        "confidence": 87.4,
        "length_m": 1.85,
        "width_m": 7.32,
        "height_m": 1.16,
        "area_m2": 13.56,
        "channel": "port",
        "ground_range_m": 45.26,
        "status": "high_confidence",
        "contrast_ratio": 11.6,
        "marker_color": "#ff3b30"
      }
    },
    {
      "type": "Feature",
      "geometry": {
        "type": "Point",
        "coordinates": [
          72.8345944,
          18.9225379
        ]
      },
      "properties": {
        "id": "239b8604",
        "class": "ghost_net",
        "confidence": 86.7,
        "length_m": 6.94,
        "width_m": 11.72,
        "height_m": 1.24,
        "area_m2": 81.39,
        "channel": "port",
        "ground_range_m": 42.97,
        "status": "high_confidence",
        "contrast_ratio": 3.18,
        "marker_color": "#ff3b30"
      }
    },
    {
      "type": "Feature",
      "geometry": {
        "type": "Point",
        "coordinates": [
          72.8349119,
          18.9222593
        ]
      },
      "properties": {
        "id": "34ceca51",
        "class": "container",
        "confidence": 83.9,
        "length_m": 10.65,
        "width_m": 13.18,
        "height_m": 7.37,
        "area_m2": 140.39,
        "channel": "starboard",
        "ground_range_m": 2.48,
        "status": "high_confidence",
        "contrast_ratio": 2.9,
        "marker_color": "#5856d6"
      }
    },
    {
      "type": "Feature",
      "geometry": {
        "type": "Point",
        "coordinates": [
          72.8345661,
          18.9225247
        ]
      },
      "properties": {
        "id": "f6b6c356",
        "class": "generic_debris",
        "confidence": 82.8,
        "length_m": 1.7,
        "width_m": 7.91,
        "height_m": 1.01,
        "area_m2": 13.43,
        "channel": "port",
        "ground_range_m": 43.96,
        "status": "high_confidence",
        "contrast_ratio": 2.69,
        "marker_color": "#ffcc00"
      }
    },
    {
      "type": "Feature",
      "geometry": {
        "type": "Point",
        "coordinates": [
          72.8345983,
          18.9225699
        ]
      },
      "properties": {
        "id": "8e08a9b1",
        "class": "generic_debris",
        "confidence": 81.2,
        "length_m": 1.7,
        "width_m": 7.23,
        "height_m": 1.19,
        "area_m2": 12.27,
        "channel": "port",
        "ground_range_m": 45.28,
        "status": "high_confidence",
        "contrast_ratio": 2.91,
        "marker_color": "#ffcc00"
      }
    },
    {
      "type": "Feature",
      "geometry": {
        "type": "Point",
        "coordinates": [
          72.8345701,
          18.9225136
        ]
      },
      "properties": {
        "id": "0a296f0a",
        "class": "generic_debris",
        "confidence": 78.5,
        "length_m": 1.54,
        "width_m": 7.23,
        "height_m": 0.78,
        "area_m2": 11.15,
        "channel": "port",
        "ground_range_m": 42.78,
        "status": "high_confidence",
        "contrast_ratio": 2.2,
        "marker_color": "#ffcc00"
      }
    },
    {
      "type": "Feature",
      "geometry": {
        "type": "Point",
        "coordinates": [
          72.8354944,
          18.9226626
        ]
      },
      "properties": {
        "id": "a9c618ef",
        "class": "ghost_net",
        "confidence": 78.2,
        "length_m": 5.25,
        "width_m": 6.15,
        "height_m": 2.32,
        "area_m2": 32.28,
        "channel": "starboard",
        "ground_range_m": 12.5,
        "status": "high_confidence",
        "contrast_ratio": 2.99,
        "marker_color": "#ff3b30"
      }
    },
    {
      "type": "Feature",
      "geometry": {
        "type": "Point",
        "coordinates": [
          72.8345874,
          18.9225033
        ]
      },
      "properties": {
        "id": "2b063ed9",
        "class": "ghost_net",
        "confidence": 76.7,
        "length_m": 2.47,
        "width_m": 6.64,
        "height_m": 0.48,
        "area_m2": 16.4,
        "channel": "port",
        "ground_range_m": 40.7,
        "status": "high_confidence",
        "contrast_ratio": 2.36,
        "marker_color": "#ff3b30"
      }
    },
    {
      "type": "Feature",
      "geometry": {
        "type": "Point",
        "coordinates": [
          72.8345679,
          18.9225088
        ]
      },
      "properties": {
        "id": "980260ef",
        "class": "ghost_net",
        "confidence": 76.2,
        "length_m": 2.16,
        "width_m": 6.54,
        "height_m": 0.66,
        "area_m2": 14.14,
        "channel": "port",
        "ground_range_m": 42.55,
        "status": "high_confidence",
        "contrast_ratio": 2.13,
        "marker_color": "#ff3b30"
      }
    },
    {
      "type": "Feature",
      "geometry": {
        "type": "Point",
        "coordinates": [
          72.8346346,
          18.9225418
        ]
      },
      "properties": {
        "id": "f3415b55",
        "class": "generic_debris",
        "confidence": 75.4,
        "length_m": 1.54,
        "width_m": 5.86,
        "height_m": 0.28,
        "area_m2": 9.04,
        "channel": "port",
        "ground_range_m": 40.39,
        "status": "high_confidence",
        "contrast_ratio": 2.07,
        "marker_color": "#ffcc00"
      }
    },
    {
      "type": "Feature",
      "geometry": {
        "type": "Point",
        "coordinates": [
          72.835421,
          18.9227513
        ]
      },
      "properties": {
        "id": "816d1e7b",
        "class": "pipe_cylinder",
        "confidence": 75.1,
        "length_m": 1.39,
        "width_m": 4.88,
        "height_m": 9.98,
        "area_m2": 6.78,
        "channel": "port",
        "ground_range_m": 0.0,
        "status": "high_confidence",
        "contrast_ratio": 2.28,
        "marker_color": "#007aff"
      }
    },
    {
      "type": "Feature",
      "geometry": {
        "type": "Point",
        "coordinates": [
          72.8346315,
          18.9225368
        ]
      },
      "properties": {
        "id": "c6aa5940",
        "class": "generic_debris",
        "confidence": 74.8,
        "length_m": 1.54,
        "width_m": 5.57,
        "height_m": 0.31,
        "area_m2": 8.59,
        "channel": "port",
        "ground_range_m": 40.21,
        "status": "high_confidence",
        "contrast_ratio": 2.05,
        "marker_color": "#ffcc00"
      }
    },
    {
      "type": "Feature",
      "geometry": {
        "type": "Point",
        "coordinates": [
          72.8346444,
          18.9225139
        ]
      },
      "properties": {
        "id": "5e1749f2",
        "class": "generic_debris",
        "confidence": 72.1,
        "length_m": 1.85,
        "width_m": 3.61,
        "height_m": 0.05,
        "area_m2": 6.69,
        "channel": "port",
        "ground_range_m": 37.42,
        "status": "high_confidence",
        "contrast_ratio": 2.01,
        "marker_color": "#ffcc00"
      }
    },
    {
      "type": "Feature",
      "geometry": {
        "type": "Point",
        "coordinates": [
          72.834612,
          18.9225747
        ]
      },
      "properties": {
        "id": "2ca20721",
        "class": "pipe_cylinder",
        "confidence": 72.0,
        "length_m": 1.54,
        "width_m": 1.86,
        "height_m": 0.39,
        "area_m2": 2.86,
        "channel": "port",
        "ground_range_m": 44.67,
        "status": "high_confidence",
        "contrast_ratio": 2.67,
        "marker_color": "#007aff"
      }
    },
    {
      "type": "Feature",
      "geometry": {
        "type": "Point",
        "coordinates": [
          72.8346386,
          18.9225073
        ]
      },
      "properties": {
        "id": "42938840",
        "class": "generic_debris",
        "confidence": 71.4,
        "length_m": 1.85,
        "width_m": 3.61,
        "height_m": 0.05,
        "area_m2": 6.69,
        "channel": "port",
        "ground_range_m": 37.3,
        "status": "high_confidence",
        "contrast_ratio": 2.17,
        "marker_color": "#ffcc00"
      }
    },
    {
      "type": "Feature",
      "geometry": {
        "type": "Point",
        "coordinates": [
          72.8346387,
          18.9224974
        ]
      },
      "properties": {
        "id": "44a441e6",
        "class": "generic_debris",
        "confidence": 70.7,
        "length_m": 1.54,
        "width_m": 3.22,
        "height_m": 0.05,
        "area_m2": 4.97,
        "channel": "port",
        "ground_range_m": 36.5,
        "status": "high_confidence",
        "contrast_ratio": 2.22,
        "marker_color": "#ffcc00"
      }
    },
    {
      "type": "Feature",
      "geometry": {
        "type": "Point",
        "coordinates": [
          72.8355414,
          18.9228529
        ]
      },
      "properties": {
        "id": "a094aa3c",
        "class": "pipe_cylinder",
        "confidence": 70.5,
        "length_m": 1.39,
        "width_m": 3.42,
        "height_m": 9.94,
        "area_m2": 4.75,
        "channel": "port",
        "ground_range_m": 0.0,
        "status": "high_confidence",
        "contrast_ratio": 1.83,
        "marker_color": "#007aff"
      }
    },
    {
      "type": "Feature",
      "geometry": {
        "type": "Point",
        "coordinates": [
          72.8356644,
          18.9226242
        ]
      },
      "properties": {
        "id": "274f9610",
        "class": "generic_debris",
        "confidence": 69.8,
        "length_m": 1.7,
        "width_m": 1.66,
        "height_m": 0.05,
        "area_m2": 2.82,
        "channel": "starboard",
        "ground_range_m": 27.63,
        "status": "high_confidence",
        "contrast_ratio": 2.29,
        "marker_color": "#ffcc00"
      }
    },
    {
      "type": "Feature",
      "geometry": {
        "type": "Point",
        "coordinates": [
          72.8356738,
          18.9224344
        ]
      },
      "properties": {
        "id": "ae8d8ea1",
        "class": "generic_debris",
        "confidence": 69.7,
        "length_m": 1.7,
        "width_m": 1.37,
        "height_m": 0.09,
        "area_m2": 2.32,
        "channel": "starboard",
        "ground_range_m": 44.0,
        "status": "high_confidence",
        "contrast_ratio": 2.21,
        "marker_color": "#ffcc00"
      }
    },
    {
      "type": "Feature",
      "geometry": {
        "type": "Point",
        "coordinates": [
          72.8351895,
          18.9221015
        ]
      },
      "properties": {
        "id": "c1d1c356",
        "class": "generic_debris",
        "confidence": 69.6,
        "length_m": 1.7,
        "width_m": 1.46,
        "height_m": 0.05,
        "area_m2": 2.49,
        "channel": "starboard",
        "ground_range_m": 35.39,
        "status": "high_confidence",
        "contrast_ratio": 2.08,
        "marker_color": "#ffcc00"
      }
    },
    {
      "type": "Feature",
      "geometry": {
        "type": "Point",
        "coordinates": [
          72.8352747,
          18.9226252
        ]
      },
      "properties": {
        "id": "ce6eabdf",
        "class": "pipe_cylinder",
        "confidence": 69.6,
        "length_m": 1.39,
        "width_m": 2.83,
        "height_m": 10.09,
        "area_m2": 3.93,
        "channel": "port",
        "ground_range_m": 0.0,
        "status": "high_confidence",
        "contrast_ratio": 1.58,
        "marker_color": "#007aff"
      }
    },
    {
      "type": "Feature",
      "geometry": {
        "type": "Point",
        "coordinates": [
          72.8348997,
          18.922515
        ]
      },
      "properties": {
        "id": "5d7b631d",
        "class": "generic_debris",
        "confidence": 69.5,
        "length_m": 1.54,
        "width_m": 4.59,
        "height_m": 0.3,
        "area_m2": 7.08,
        "channel": "port",
        "ground_range_m": 18.88,
        "status": "high_confidence",
        "contrast_ratio": 2.56,
        "marker_color": "#ffcc00"
      }
    },
    {
      "type": "Feature",
      "geometry": {
        "type": "Point",
        "coordinates": [
          72.8349084,
          18.922287
        ]
      },
      "properties": {
        "id": "fd3c3510",
        "class": "pipe_cylinder",
        "confidence": 69.4,
        "length_m": 1.39,
        "width_m": 3.71,
        "height_m": 9.97,
        "area_m2": 5.15,
        "channel": "port",
        "ground_range_m": 0.0,
        "status": "high_confidence",
        "contrast_ratio": 1.65,
        "marker_color": "#007aff"
      }
    },
    {
      "type": "Feature",
      "geometry": {
        "type": "Point",
        "coordinates": [
          72.8359177,
          18.9226416
        ]
      },
      "properties": {
        "id": "7fe23b29",
        "class": "container",
        "confidence": 69.3,
        "length_m": 1.54,
        "width_m": 1.95,
        "height_m": 0.05,
        "area_m2": 3.01,
        "channel": "starboard",
        "ground_range_m": 43.81,
        "status": "high_confidence",
        "contrast_ratio": 2.06,
        "marker_color": "#5856d6"
      }
    },
    {
      "type": "Feature",
      "geometry": {
        "type": "Point",
        "coordinates": [
          72.8359674,
          18.9226296
        ]
      },
      "properties": {
        "id": "59843877",
        "class": "generic_debris",
        "confidence": 69.3,
        "length_m": 1.7,
        "width_m": 1.37,
        "height_m": 0.05,
        "area_m2": 2.32,
        "channel": "starboard",
        "ground_range_m": 48.28,
        "status": "high_confidence",
        "contrast_ratio": 1.89,
        "marker_color": "#ffcc00"
      }
    },
    {
      "type": "Feature",
      "geometry": {
        "type": "Point",
        "coordinates": [
          72.8350287,
          18.9219507
        ]
      },
      "properties": {
        "id": "d1dde515",
        "class": "generic_debris",
        "confidence": 69.1,
        "length_m": 1.54,
        "width_m": 1.46,
        "height_m": 0.05,
        "area_m2": 2.26,
        "channel": "starboard",
        "ground_range_m": 35.78,
        "status": "high_confidence",
        "contrast_ratio": 2.0,
        "marker_color": "#ffcc00"
      }
    },
    {
      "type": "Feature",
      "geometry": {
        "type": "Point",
        "coordinates": [
          72.8355623,
          18.92252
        ]
      },
      "properties": {
        "id": "c2add8cb",
        "class": "generic_debris",
        "confidence": 69.1,
        "length_m": 1.85,
        "width_m": 1.95,
        "height_m": 0.05,
        "area_m2": 3.62,
        "channel": "starboard",
        "ground_range_m": 29.07,
        "status": "high_confidence",
        "contrast_ratio": 2.21,
        "marker_color": "#ffcc00"
      }
    },
    {
      "type": "Feature",
      "geometry": {
        "type": "Point",
        "coordinates": [
          72.8358554,
          18.9227664
        ]
      },
      "properties": {
        "id": "df8d29b8",
        "class": "generic_debris",
        "confidence": 68.9,
        "length_m": 1.54,
        "width_m": 1.86,
        "height_m": 0.05,
        "area_m2": 2.86,
        "channel": "starboard",
        "ground_range_m": 29.06,
        "status": "high_confidence",
        "contrast_ratio": 1.96,
        "marker_color": "#ffcc00"
      }
    },
    {
      "type": "Feature",
      "geometry": {
        "type": "Point",
        "coordinates": [
          72.8350108,
          18.9218866
        ]
      },
      "properties": {
        "id": "5fc09025",
        "class": "generic_debris",
        "confidence": 68.7,
        "length_m": 1.54,
        "width_m": 1.56,
        "height_m": 0.05,
        "area_m2": 2.41,
        "channel": "starboard",
        "ground_range_m": 39.6,
        "status": "high_confidence",
        "contrast_ratio": 2.3,
        "marker_color": "#ffcc00"
      }
    },
    {
      "type": "Feature",
      "geometry": {
        "type": "Point",
        "coordinates": [
          72.8355303,
          18.9222519
        ]
      },
      "properties": {
        "id": "662baaa1",
        "class": "generic_debris",
        "confidence": 68.7,
        "length_m": 1.7,
        "width_m": 0.88,
        "height_m": 0.05,
        "area_m2": 1.49,
        "channel": "starboard",
        "ground_range_m": 48.53,
        "status": "high_confidence",
        "contrast_ratio": 1.81,
        "marker_color": "#ffcc00"
      }
    },
    {
      "type": "Feature",
      "geometry": {
        "type": "Point",
        "coordinates": [
          72.8354179,
          18.9224678
        ]
      },
      "properties": {
        "id": "e026fc1b",
        "class": "generic_debris",
        "confidence": 68.6,
        "length_m": 1.54,
        "width_m": 2.25,
        "height_m": 0.05,
        "area_m2": 3.47,
        "channel": "starboard",
        "ground_range_m": 23.06,
        "status": "high_confidence",
        "contrast_ratio": 2.13,
        "marker_color": "#ffcc00"
      }
    },
    {
      "type": "Feature",
      "geometry": {
        "type": "Point",
        "coordinates": [
          72.835536,
          18.9226097
        ]
      },
      "properties": {
        "id": "ebd83bd3",
        "class": "generic_debris",
        "confidence": 68.5,
        "length_m": 1.54,
        "width_m": 3.12,
        "height_m": 0.15,
        "area_m2": 4.82,
        "channel": "starboard",
        "ground_range_m": 19.8,
        "status": "high_confidence",
        "contrast_ratio": 1.67,
        "marker_color": "#ffcc00"
      }
    },
    {
      "type": "Feature",
      "geometry": {
        "type": "Point",
        "coordinates": [
          72.8358091,
          18.9226687
        ]
      },
      "properties": {
        "id": "aea69888",
        "class": "generic_debris",
        "confidence": 68.3,
        "length_m": 1.54,
        "width_m": 1.76,
        "height_m": 0.05,
        "area_m2": 2.71,
        "channel": "starboard",
        "ground_range_m": 33.99,
        "status": "high_confidence",
        "contrast_ratio": 2.03,
        "marker_color": "#ffcc00"
      }
    },
    {
      "type": "Feature",
      "geometry": {
        "type": "Point",
        "coordinates": [
          72.8343469,
          18.9223206
        ]
      },
      "properties": {
        "id": "6301b93f",
        "class": "generic_debris",
        "confidence": 68.2,
        "length_m": 1.54,
        "width_m": 1.76,
        "height_m": 0.05,
        "area_m2": 2.71,
        "channel": "port",
        "ground_range_m": 43.97,
        "status": "high_confidence",
        "contrast_ratio": 1.96,
        "marker_color": "#ffcc00"
      }
    },
    {
      "type": "Feature",
      "geometry": {
        "type": "Point",
        "coordinates": [
          72.8349961,
          18.9223669
        ]
      },
      "properties": {
        "id": "837c26d7",
        "class": "pipe_cylinder",
        "confidence": 68.2,
        "length_m": 1.39,
        "width_m": 3.03,
        "height_m": 9.96,
        "area_m2": 4.2,
        "channel": "starboard",
        "ground_range_m": 0.0,
        "status": "high_confidence",
        "contrast_ratio": 1.56,
        "marker_color": "#007aff"
      }
    },
    {
      "type": "Feature",
      "geometry": {
        "type": "Point",
        "coordinates": [
          72.8352454,
          18.9222835
        ]
      },
      "properties": {
        "id": "7b1eb985",
        "class": "generic_debris",
        "confidence": 68.2,
        "length_m": 1.54,
        "width_m": 1.66,
        "height_m": 0.05,
        "area_m2": 2.56,
        "channel": "starboard",
        "ground_range_m": 24.99,
        "status": "high_confidence",
        "contrast_ratio": 1.85,
        "marker_color": "#ffcc00"
      }
    },
    {
      "type": "Feature",
      "geometry": {
        "type": "Point",
        "coordinates": [
          72.8354027,
          18.9223586
        ]
      },
      "properties": {
        "id": "17f5279f",
        "class": "generic_debris",
        "confidence": 68.2,
        "length_m": 1.7,
        "width_m": 1.66,
        "height_m": 0.06,
        "area_m2": 2.82,
        "channel": "starboard",
        "ground_range_m": 30.67,
        "status": "high_confidence",
        "contrast_ratio": 2.08,
        "marker_color": "#ffcc00"
      }
    },
    {
      "type": "Feature",
      "geometry": {
        "type": "Point",
        "coordinates": [
          72.8354469,
          18.9225503
        ]
      },
      "properties": {
        "id": "50a18dee",
        "class": "generic_debris",
        "confidence": 68.2,
        "length_m": 1.54,
        "width_m": 1.86,
        "height_m": 0.1,
        "area_m2": 2.86,
        "channel": "starboard",
        "ground_range_m": 18.43,
        "status": "high_confidence",
        "contrast_ratio": 1.98,
        "marker_color": "#ffcc00"
      }
    },
    {
      "type": "Feature",
      "geometry": {
        "type": "Point",
        "coordinates": [
          72.8359275,
          18.9226771
        ]
      },
      "properties": {
        "id": "9786e4fd",
        "class": "generic_debris",
        "confidence": 68.1,
        "length_m": 1.54,
        "width_m": 1.66,
        "height_m": 0.05,
        "area_m2": 2.56,
        "channel": "starboard",
        "ground_range_m": 41.55,
        "status": "high_confidence",
        "contrast_ratio": 1.87,
        "marker_color": "#ffcc00"
      }
    },
    {
      "type": "Feature",
      "geometry": {
        "type": "Point",
        "coordinates": [
          72.8349327,
          18.9218682
        ]
      },
      "properties": {
        "id": "6fa252f0",
        "class": "pipe_cylinder",
        "confidence": 68.0,
        "length_m": 2.01,
        "width_m": 1.76,
        "height_m": 0.05,
        "area_m2": 3.53,
        "channel": "starboard",
        "ground_range_m": 35.25,
        "status": "high_confidence",
        "contrast_ratio": 1.86,
        "marker_color": "#007aff"
      }
    },
    {
      "type": "Feature",
      "geometry": {
        "type": "Point",
        "coordinates": [
          72.8346407,
          18.9226451
        ]
      },
      "properties": {
        "id": "b02e944d",
        "class": "ghost_net",
        "confidence": 67.9,
        "length_m": 2.16,
        "width_m": 1.56,
        "height_m": 0.05,
        "area_m2": 3.38,
        "channel": "port",
        "ground_range_m": 48.2,
        "status": "high_confidence",
        "contrast_ratio": 1.81,
        "marker_color": "#ff3b30"
      }
    },
    {
      "type": "Feature",
      "geometry": {
        "type": "Point",
        "coordinates": [
          72.8350609,
          18.9220804
        ]
      },
      "properties": {
        "id": "0ac8ac9e",
        "class": "container",
        "confidence": 67.7,
        "length_m": 1.54,
        "width_m": 2.05,
        "height_m": 0.07,
        "area_m2": 3.17,
        "channel": "starboard",
        "ground_range_m": 27.7,
        "status": "high_confidence",
        "contrast_ratio": 1.86,
        "marker_color": "#5856d6"
      }
    },
    {
      "type": "Feature",
      "geometry": {
        "type": "Point",
        "coordinates": [
          72.8352425,
          18.9222588
        ]
      },
      "properties": {
        "id": "aabbc54c",
        "class": "generic_debris",
        "confidence": 67.7,
        "length_m": 1.54,
        "width_m": 1.37,
        "height_m": 0.05,
        "area_m2": 2.11,
        "channel": "starboard",
        "ground_range_m": 26.74,
        "status": "high_confidence",
        "contrast_ratio": 1.75,
        "marker_color": "#ffcc00"
      }
    },
    {
      "type": "Feature",
      "geometry": {
        "type": "Point",
        "coordinates": [
          72.8354054,
          18.9222199
        ]
      },
      "properties": {
        "id": "46d5fa71",
        "class": "generic_debris",
        "confidence": 67.7,
        "length_m": 1.54,
        "width_m": 1.46,
        "height_m": 0.05,
        "area_m2": 2.26,
        "channel": "starboard",
        "ground_range_m": 41.86,
        "status": "high_confidence",
        "contrast_ratio": 1.82,
        "marker_color": "#ffcc00"
      }
    },
    {
      "type": "Feature",
      "geometry": {
        "type": "Point",
        "coordinates": [
          72.8353888,
          18.9223797
        ]
      },
      "properties": {
        "id": "949f8b14",
        "class": "generic_debris",
        "confidence": 67.7,
        "length_m": 1.7,
        "width_m": 1.76,
        "height_m": 0.07,
        "area_m2": 2.98,
        "channel": "starboard",
        "ground_range_m": 27.97,
        "status": "high_confidence",
        "contrast_ratio": 1.75,
        "marker_color": "#ffcc00"
      }
    },
    {
      "type": "Feature",
      "geometry": {
        "type": "Point",
        "coordinates": [
          72.8357454,
          18.9225272
        ]
      },
      "properties": {
        "id": "5118b1d0",
        "class": "generic_debris",
        "confidence": 67.7,
        "length_m": 1.54,
        "width_m": 1.66,
        "height_m": 0.05,
        "area_m2": 2.56,
        "channel": "starboard",
        "ground_range_m": 41.33,
        "status": "high_confidence",
        "contrast_ratio": 1.82,
        "marker_color": "#ffcc00"
      }
    },
    {
      "type": "Feature",
      "geometry": {
        "type": "Point",
        "coordinates": [
          72.8358964,
          18.922575
        ]
      },
      "properties": {
        "id": "b3be1144",
        "class": "pipe_cylinder",
        "confidence": 67.7,
        "length_m": 1.54,
        "width_m": 2.15,
        "height_m": 0.05,
        "area_m2": 3.32,
        "channel": "starboard",
        "ground_range_m": 47.88,
        "status": "high_confidence",
        "contrast_ratio": 1.65,
        "marker_color": "#007aff"
      }
    },
    {
      "type": "Feature",
      "geometry": {
        "type": "Point",
        "coordinates": [
          72.8356601,
          18.9229522
        ]
      },
      "properties": {
        "id": "1db3be78",
        "class": "generic_debris",
        "confidence": 67.7,
        "length_m": 1.54,
        "width_m": 3.91,
        "height_m": 9.94,
        "area_m2": 6.03,
        "channel": "port",
        "ground_range_m": 0.0,
        "status": "high_confidence",
        "contrast_ratio": 2.59,
        "marker_color": "#ffcc00"
      }
    },
    {
      "type": "Feature",
      "geometry": {
        "type": "Point",
        "coordinates": [
          72.8359251,
          18.9226507
        ]
      },
      "properties": {
        "id": "09aa4c29",
        "class": "generic_debris",
        "confidence": 67.7,
        "length_m": 1.54,
        "width_m": 1.56,
        "height_m": 0.05,
        "area_m2": 2.41,
        "channel": "starboard",
        "ground_range_m": 43.58,
        "status": "high_confidence",
        "contrast_ratio": 1.79,
        "marker_color": "#ffcc00"
      }
    },
    {
      "type": "Feature",
      "geometry": {
        "type": "Point",
        "coordinates": [
          72.8356671,
          18.9225996
        ]
      },
      "properties": {
        "id": "a2ba69c3",
        "class": "pipe_cylinder",
        "confidence": 67.6,
        "length_m": 1.39,
        "width_m": 2.25,
        "height_m": 0.05,
        "area_m2": 3.12,
        "channel": "starboard",
        "ground_range_m": 29.85,
        "status": "high_confidence",
        "contrast_ratio": 1.71,
        "marker_color": "#007aff"
      }
    },
    {
      "type": "Feature",
      "geometry": {
        "type": "Point",
        "coordinates": [
          72.8354797,
          18.9222216
        ]
      },
      "properties": {
        "id": "edefd9d7",
        "class": "generic_debris",
        "confidence": 67.6,
        "length_m": 1.54,
        "width_m": 2.05,
        "height_m": 0.05,
        "area_m2": 3.17,
        "channel": "starboard",
        "ground_range_m": 47.25,
        "status": "high_confidence",
        "contrast_ratio": 1.8,
        "marker_color": "#ffcc00"
      }
    },
    {
      "type": "Feature",
      "geometry": {
        "type": "Point",
        "coordinates": [
          72.8347613,
          18.9225026
        ]
      },
      "properties": {
        "id": "ba6a36ce",
        "class": "container",
        "confidence": 67.5,
        "length_m": 1.54,
        "width_m": 1.66,
        "height_m": 0.05,
        "area_m2": 2.56,
        "channel": "port",
        "ground_range_m": 27.98,
        "status": "high_confidence",
        "contrast_ratio": 1.82,
        "marker_color": "#5856d6"
      }
    },
    {
      "type": "Feature",
      "geometry": {
        "type": "Point",
        "coordinates": [
          72.8354805,
          18.9222341
        ]
      },
      "properties": {
        "id": "33298fb3",
        "class": "generic_debris",
        "confidence": 67.5,
        "length_m": 1.7,
        "width_m": 1.37,
        "height_m": 0.05,
        "area_m2": 2.32,
        "channel": "starboard",
        "ground_range_m": 46.31,
        "status": "high_confidence",
        "contrast_ratio": 1.9,
        "marker_color": "#ffcc00"
      }
    },
    {
      "type": "Feature",
      "geometry": {
        "type": "Point",
        "coordinates": [
          72.8344885,
          18.9221938
        ]
      },
      "properties": {
        "id": "eb0f85b8",
        "class": "generic_debris",
        "confidence": 67.4,
        "length_m": 1.7,
        "width_m": 1.86,
        "height_m": 0.08,
        "area_m2": 3.15,
        "channel": "port",
        "ground_range_m": 23.46,
        "status": "high_confidence",
        "contrast_ratio": 1.88,
        "marker_color": "#ffcc00"
      }
    },
    {
      "type": "Feature",
      "geometry": {
        "type": "Point",
        "coordinates": [
          72.8344024,
          18.9223414
        ]
      },
      "properties": {
        "id": "04a1f7df",
        "class": "generic_debris",
        "confidence": 67.4,
        "length_m": 1.7,
        "width_m": 1.95,
        "height_m": 0.09,
        "area_m2": 3.32,
        "channel": "port",
        "ground_range_m": 41.39,
        "status": "high_confidence",
        "contrast_ratio": 2.02,
        "marker_color": "#ffcc00"
      }
    },
    {
      "type": "Feature",
      "geometry": {
        "type": "Point",
        "coordinates": [
          72.8349118,
          18.9226126
        ]
      },
      "properties": {
        "id": "78d7dd9f",
        "class": "generic_debris",
        "confidence": 67.4,
        "length_m": 1.7,
        "width_m": 1.56,
        "height_m": 0.11,
        "area_m2": 2.65,
        "channel": "port",
        "ground_range_m": 25.69,
        "status": "high_confidence",
        "contrast_ratio": 1.8,
        "marker_color": "#ffcc00"
      }
    },
    {
      "type": "Feature",
      "geometry": {
        "type": "Point",
        "coordinates": [
          72.8350772,
          18.9219253
        ]
      },
      "properties": {
        "id": "e8ae0c9b",
        "class": "generic_debris",
        "confidence": 67.4,
        "length_m": 1.54,
        "width_m": 1.37,
        "height_m": 0.05,
        "area_m2": 2.11,
        "channel": "starboard",
        "ground_range_m": 41.37,
        "status": "high_confidence",
        "contrast_ratio": 1.79,
        "marker_color": "#ffcc00"
      }
    },
    {
      "type": "Feature",
      "geometry": {
        "type": "Point",
        "coordinates": [
          72.8348999,
          18.9217476
        ]
      },
      "properties": {
        "id": "7a8330a8",
        "class": "generic_debris",
        "confidence": 67.4,
        "length_m": 1.54,
        "width_m": 1.66,
        "height_m": 0.05,
        "area_m2": 2.56,
        "channel": "starboard",
        "ground_range_m": 42.16,
        "status": "high_confidence",
        "contrast_ratio": 1.73,
        "marker_color": "#ffcc00"
      }
    },
    {
      "type": "Feature",
      "geometry": {
        "type": "Point",
        "coordinates": [
          72.835244,
          18.9225974
        ]
      },
      "properties": {
        "id": "167b5dd2",
        "class": "pipe_cylinder",
        "confidence": 67.4,
        "length_m": 1.39,
        "width_m": 4.0,
        "height_m": 9.91,
        "area_m2": 5.56,
        "channel": "port",
        "ground_range_m": 0.0,
        "status": "high_confidence",
        "contrast_ratio": 1.64,
        "marker_color": "#007aff"
      }
    },
    {
      "type": "Feature",
      "geometry": {
        "type": "Point",
        "coordinates": [
          72.8356313,
          18.9225387
        ]
      },
      "properties": {
        "id": "aff63d4b",
        "class": "container",
        "confidence": 67.4,
        "length_m": 1.54,
        "width_m": 1.56,
        "height_m": 0.05,
        "area_m2": 2.41,
        "channel": "starboard",
        "ground_range_m": 32.36,
        "status": "high_confidence",
        "contrast_ratio": 1.63,
        "marker_color": "#5856d6"
      }
    },
    {
      "type": "Feature",
      "geometry": {
        "type": "Point",
        "coordinates": [
          72.8357886,
          18.9227514
        ]
      },
      "properties": {
        "id": "53c3c4f7",
        "class": "generic_debris",
        "confidence": 67.4,
        "length_m": 1.54,
        "width_m": 1.95,
        "height_m": 0.11,
        "area_m2": 3.01,
        "channel": "starboard",
        "ground_range_m": 25.68,
        "status": "high_confidence",
        "contrast_ratio": 2.05,
        "marker_color": "#ffcc00"
      }
    },
    {
      "type": "Feature",
      "geometry": {
        "type": "Point",
        "coordinates": [
          72.834472,
          18.9221324
        ]
      },
      "properties": {
        "id": "9b402523",
        "class": "generic_debris",
        "confidence": 67.3,
        "length_m": 1.54,
        "width_m": 1.95,
        "height_m": 0.14,
        "area_m2": 3.01,
        "channel": "port",
        "ground_range_m": 19.93,
        "status": "high_confidence",
        "contrast_ratio": 1.82,
        "marker_color": "#ffcc00"
      }
    },
    {
      "type": "Feature",
      "geometry": {
        "type": "Point",
        "coordinates": [
          72.8353605,
          18.9231542
        ]
      },
      "properties": {
        "id": "f1f93604",
        "class": "generic_debris",
        "confidence": 67.3,
        "length_m": 1.7,
        "width_m": 1.27,
        "height_m": 0.05,
        "area_m2": 2.16,
        "channel": "port",
        "ground_range_m": 37.72,
        "status": "high_confidence",
        "contrast_ratio": 1.56,
        "marker_color": "#ffcc00"
      }
    },
    {
      "type": "Feature",
      "geometry": {
        "type": "Point",
        "coordinates": [
          72.8353797,
          18.9223
        ]
      },
      "properties": {
        "id": "b00966be",
        "class": "generic_debris",
        "confidence": 67.3,
        "length_m": 1.7,
        "width_m": 1.46,
        "height_m": 0.11,
        "area_m2": 2.49,
        "channel": "starboard",
        "ground_range_m": 33.65,
        "status": "high_confidence",
        "contrast_ratio": 1.91,
        "marker_color": "#ffcc00"
      }
    },
    {
      "type": "Feature",
      "geometry": {
        "type": "Point",
        "coordinates": [
          72.8351385,
          18.9221158
        ]
      },
      "properties": {
        "id": "7da7c423",
        "class": "generic_debris",
        "confidence": 67.2,
        "length_m": 1.7,
        "width_m": 1.66,
        "height_m": 0.06,
        "area_m2": 2.82,
        "channel": "starboard",
        "ground_range_m": 30.51,
        "status": "high_confidence",
        "contrast_ratio": 1.77,
        "marker_color": "#ffcc00"
      }
    },
    {
      "type": "Feature",
      "geometry": {
        "type": "Point",
        "coordinates": [
          72.8352987,
          18.9222375
        ]
      },
      "properties": {
        "id": "49d0b06f",
        "class": "generic_debris",
        "confidence": 67.2,
        "length_m": 1.54,
        "width_m": 1.37,
        "height_m": 0.05,
        "area_m2": 2.11,
        "channel": "starboard",
        "ground_range_m": 32.58,
        "status": "high_confidence",
        "contrast_ratio": 1.8,
        "marker_color": "#ffcc00"
      }
    },
    {
      "type": "Feature",
      "geometry": {
        "type": "Point",
        "coordinates": [
          72.8356405,
          18.9224089
        ]
      },
      "properties": {
        "id": "789e98e4",
        "class": "generic_debris",
        "confidence": 67.2,
        "length_m": 1.7,
        "width_m": 1.66,
        "height_m": 0.05,
        "area_m2": 2.82,
        "channel": "starboard",
        "ground_range_m": 43.76,
        "status": "high_confidence",
        "contrast_ratio": 1.82,
        "marker_color": "#ffcc00"
      }
    },
    {
      "type": "Feature",
      "geometry": {
        "type": "Point",
        "coordinates": [
          72.8352208,
          18.9220535
        ]
      },
      "properties": {
        "id": "1098607d",
        "class": "generic_debris",
        "confidence": 67.1,
        "length_m": 1.7,
        "width_m": 1.66,
        "height_m": 0.05,
        "area_m2": 2.82,
        "channel": "starboard",
        "ground_range_m": 41.52,
        "status": "high_confidence",
        "contrast_ratio": 1.97,
        "marker_color": "#ffcc00"
      }
    },
    {
      "type": "Feature",
      "geometry": {
        "type": "Point",
        "coordinates": [
          72.8351787,
          18.9225374
        ]
      },
      "properties": {
        "id": "7d90952f",
        "class": "pipe_cylinder",
        "confidence": 67.1,
        "length_m": 1.39,
        "width_m": 3.22,
        "height_m": 10.01,
        "area_m2": 4.48,
        "channel": "port",
        "ground_range_m": 0.0,
        "status": "high_confidence",
        "contrast_ratio": 1.54,
        "marker_color": "#007aff"
      }
    },
    {
      "type": "Feature",
      "geometry": {
        "type": "Point",
        "coordinates": [
          72.8356547,
          18.9227611
        ]
      },
      "properties": {
        "id": "53a29fed",
        "class": "generic_debris",
        "confidence": 67.1,
        "length_m": 1.54,
        "width_m": 1.95,
        "height_m": 0.3,
        "area_m2": 3.01,
        "channel": "starboard",
        "ground_range_m": 15.55,
        "status": "high_confidence",
        "contrast_ratio": 2.02,
        "marker_color": "#ffcc00"
      }
    },
    {
      "type": "Feature",
      "geometry": {
        "type": "Point",
        "coordinates": [
          72.8346004,
          18.9223792
        ]
      },
      "properties": {
        "id": "b176e44f",
        "class": "generic_debris",
        "confidence": 67.0,
        "length_m": 1.7,
        "width_m": 1.66,
        "height_m": 0.05,
        "area_m2": 2.82,
        "channel": "port",
        "ground_range_m": 29.77,
        "status": "high_confidence",
        "contrast_ratio": 1.99,
        "marker_color": "#ffcc00"
      }
    },
    {
      "type": "Feature",
      "geometry": {
        "type": "Point",
        "coordinates": [
          72.8346337,
          18.9224601
        ]
      },
      "properties": {
        "id": "4b76ac13",
        "class": "generic_debris",
        "confidence": 67.0,
        "length_m": 1.54,
        "width_m": 1.86,
        "height_m": 0.05,
        "area_m2": 2.86,
        "channel": "port",
        "ground_range_m": 33.86,
        "status": "high_confidence",
        "contrast_ratio": 1.73,
        "marker_color": "#ffcc00"
      }
    },
    {
      "type": "Feature",
      "geometry": {
        "type": "Point",
        "coordinates": [
          72.8353867,
          18.9223454
        ]
      },
      "properties": {
        "id": "eccdc61f",
        "class": "generic_debris",
        "confidence": 67.0,
        "length_m": 1.7,
        "width_m": 1.46,
        "height_m": 0.05,
        "area_m2": 2.49,
        "channel": "starboard",
        "ground_range_m": 30.56,
        "status": "high_confidence",
        "contrast_ratio": 1.78,
        "marker_color": "#ffcc00"
      }
    },
    {
      "type": "Feature",
      "geometry": {
        "type": "Point",
        "coordinates": [
          72.8355409,
          18.9223948
        ]
      },
      "properties": {
        "id": "360cd6e9",
        "class": "generic_debris",
        "confidence": 67.0,
        "length_m": 1.54,
        "width_m": 1.76,
        "height_m": 0.05,
        "area_m2": 2.71,
        "channel": "starboard",
        "ground_range_m": 37.85,
        "status": "high_confidence",
        "contrast_ratio": 1.67,
        "marker_color": "#ffcc00"
      }
    },
    {
      "type": "Feature",
      "geometry": {
        "type": "Point",
        "coordinates": [
          72.8357097,
          18.9225261
        ]
      },
      "properties": {
        "id": "2728d01e",
        "class": "generic_debris",
        "confidence": 67.0,
        "length_m": 1.54,
        "width_m": 2.25,
        "height_m": 0.1,
        "area_m2": 3.47,
        "channel": "starboard",
        "ground_range_m": 38.92,
        "status": "high_confidence",
        "contrast_ratio": 1.76,
        "marker_color": "#ffcc00"
      }
    },
    {
      "type": "Feature",
      "geometry": {
        "type": "Point",
        "coordinates": [
          72.8358165,
          18.9225589
        ]
      },
      "properties": {
        "id": "7eb4c7b2",
        "class": "generic_debris",
        "confidence": 67.0,
        "length_m": 1.7,
        "width_m": 1.66,
        "height_m": 0.05,
        "area_m2": 2.82,
        "channel": "starboard",
        "ground_range_m": 43.66,
        "status": "high_confidence",
        "contrast_ratio": 1.74,
        "marker_color": "#ffcc00"
      }
    },
    {
      "type": "Feature",
      "geometry": {
        "type": "Point",
        "coordinates": [
          72.8356978,
          18.922422
        ]
      },
      "properties": {
        "id": "3c46f966",
        "class": "generic_debris",
        "confidence": 67.0,
        "length_m": 1.7,
        "width_m": 1.56,
        "height_m": 0.05,
        "area_m2": 2.65,
        "channel": "starboard",
        "ground_range_m": 46.71,
        "status": "high_confidence",
        "contrast_ratio": 1.74,
        "marker_color": "#ffcc00"
      }
    },
    {
      "type": "Feature",
      "geometry": {
        "type": "Point",
        "coordinates": [
          72.8349387,
          18.9226592
        ]
      },
      "properties": {
        "id": "b81cb0ed",
        "class": "container",
        "confidence": 66.9,
        "length_m": 1.54,
        "width_m": 1.66,
        "height_m": 0.07,
        "area_m2": 2.56,
        "channel": "port",
        "ground_range_m": 27.38,
        "status": "high_confidence",
        "contrast_ratio": 1.77,
        "marker_color": "#5856d6"
      }
    },
    {
      "type": "Feature",
      "geometry": {
        "type": "Point",
        "coordinates": [
          72.8352114,
          18.9221758
        ]
      },
      "properties": {
        "id": "c48dadc3",
        "class": "generic_debris",
        "confidence": 66.9,
        "length_m": 1.54,
        "width_m": 1.46,
        "height_m": 0.09,
        "area_m2": 2.26,
        "channel": "starboard",
        "ground_range_m": 31.01,
        "status": "high_confidence",
        "contrast_ratio": 1.74,
        "marker_color": "#ffcc00"
      }
    },
    {
      "type": "Feature",
      "geometry": {
        "type": "Point",
        "coordinates": [
          72.8352804,
          18.9223596
        ]
      },
      "properties": {
        "id": "96ccbe95",
        "class": "generic_debris",
        "confidence": 66.9,
        "length_m": 1.54,
        "width_m": 1.95,
        "height_m": 0.05,
        "area_m2": 3.01,
        "channel": "starboard",
        "ground_range_m": 21.6,
        "status": "high_confidence",
        "contrast_ratio": 1.8,
        "marker_color": "#ffcc00"
      }
    },
    {
      "type": "Feature",
      "geometry": {
        "type": "Point",
        "coordinates": [
          72.8354925,
          18.9222922
        ]
      },
      "properties": {
        "id": "e60c300b",
        "class": "generic_debris",
        "confidence": 66.9,
        "length_m": 1.7,
        "width_m": 1.46,
        "height_m": 0.05,
        "area_m2": 2.49,
        "channel": "starboard",
        "ground_range_m": 42.55,
        "status": "high_confidence",
        "contrast_ratio": 1.81,
        "marker_color": "#ffcc00"
      }
    },
    {
      "type": "Feature",
      "geometry": {
        "type": "Point",
        "coordinates": [
          72.8357982,
          18.9226618
        ]
      },
      "properties": {
        "id": "28fc8248",
        "class": "container",
        "confidence": 66.9,
        "length_m": 1.54,
        "width_m": 1.56,
        "height_m": 0.05,
        "area_m2": 2.41,
        "channel": "starboard",
        "ground_range_m": 33.8,
        "status": "high_confidence",
        "contrast_ratio": 1.63,
        "marker_color": "#5856d6"
      }
    },
    {
      "type": "Feature",
      "geometry": {
        "type": "Point",
        "coordinates": [
          72.8359151,
          18.9226129
        ]
      },
      "properties": {
        "id": "24fad39c",
        "class": "container",
        "confidence": 66.9,
        "length_m": 1.54,
        "width_m": 2.64,
        "height_m": 0.08,
        "area_m2": 4.07,
        "channel": "starboard",
        "ground_range_m": 46.03,
        "status": "high_confidence",
        "contrast_ratio": 1.54,
        "marker_color": "#5856d6"
      }
    },
    {
      "type": "Feature",
      "geometry": {
        "type": "Point",
        "coordinates": [
          72.8350589,
          18.9224252
        ]
      },
      "properties": {
        "id": "46d9a905",
        "class": "pipe_cylinder",
        "confidence": 66.8,
        "length_m": 1.39,
        "width_m": 2.34,
        "height_m": 9.92,
        "area_m2": 3.26,
        "channel": "starboard",
        "ground_range_m": 0.0,
        "status": "high_confidence",
        "contrast_ratio": 1.67,
        "marker_color": "#007aff"
      }
    },
    {
      "type": "Feature",
      "geometry": {
        "type": "Point",
        "coordinates": [
          72.83543,
          18.9224368
        ]
      },
      "properties": {
        "id": "7bf79915",
        "class": "container",
        "confidence": 66.8,
        "length_m": 1.54,
        "width_m": 1.86,
        "height_m": 0.05,
        "area_m2": 2.86,
        "channel": "starboard",
        "ground_range_m": 26.43,
        "status": "high_confidence",
        "contrast_ratio": 1.64,
        "marker_color": "#5856d6"
      }
    },
    {
      "type": "Feature",
      "geometry": {
        "type": "Point",
        "coordinates": [
          72.8355304,
          18.9228438
        ]
      },
      "properties": {
        "id": "bc8fdff5",
        "class": "pipe_cylinder",
        "confidence": 66.8,
        "length_m": 1.39,
        "width_m": 3.03,
        "height_m": 10.04,
        "area_m2": 4.2,
        "channel": "starboard",
        "ground_range_m": 0.0,
        "status": "high_confidence",
        "contrast_ratio": 1.51,
        "marker_color": "#007aff"
      }
    },
    {
      "type": "Feature",
      "geometry": {
        "type": "Point",
        "coordinates": [
          72.8354101,
          18.9227421
        ]
      },
      "properties": {
        "id": "647117ce",
        "class": "pipe_cylinder",
        "confidence": 66.8,
        "length_m": 1.54,
        "width_m": 3.32,
        "height_m": 10.1,
        "area_m2": 5.12,
        "channel": "starboard",
        "ground_range_m": 0.0,
        "status": "high_confidence",
        "contrast_ratio": 1.66,
        "marker_color": "#007aff"
      }
    },
    {
      "type": "Feature",
      "geometry": {
        "type": "Point",
        "coordinates": [
          72.8358545,
          18.9226469
        ]
      },
      "properties": {
        "id": "ea0e800d",
        "class": "generic_debris",
        "confidence": 66.8,
        "length_m": 1.7,
        "width_m": 1.56,
        "height_m": 0.05,
        "area_m2": 2.65,
        "channel": "starboard",
        "ground_range_m": 38.96,
        "status": "high_confidence",
        "contrast_ratio": 1.64,
        "marker_color": "#ffcc00"
      }
    },
    {
      "type": "Feature",
      "geometry": {
        "type": "Point",
        "coordinates": [
          72.8348463,
          18.9227501
        ]
      },
      "properties": {
        "id": "93b302bd",
        "class": "generic_debris",
        "confidence": 66.7,
        "length_m": 1.54,
        "width_m": 1.56,
        "height_m": 0.05,
        "area_m2": 2.41,
        "channel": "port",
        "ground_range_m": 41.4,
        "status": "high_confidence",
        "contrast_ratio": 1.84,
        "marker_color": "#ffcc00"
      }
    },
    {
      "type": "Feature",
      "geometry": {
        "type": "Point",
        "coordinates": [
          72.8350078,
          18.9219322
        ]
      },
      "properties": {
        "id": "bdc3a576",
        "class": "generic_debris",
        "confidence": 66.7,
        "length_m": 1.54,
        "width_m": 1.76,
        "height_m": 0.05,
        "area_m2": 2.71,
        "channel": "starboard",
        "ground_range_m": 35.74,
        "status": "high_confidence",
        "contrast_ratio": 1.81,
        "marker_color": "#ffcc00"
      }
    },
    {
      "type": "Feature",
      "geometry": {
        "type": "Point",
        "coordinates": [
          72.8351772,
          18.9221137
        ]
      },
      "properties": {
        "id": "3dc1f11c",
        "class": "generic_debris",
        "confidence": 66.7,
        "length_m": 1.7,
        "width_m": 1.76,
        "height_m": 0.11,
        "area_m2": 2.98,
        "channel": "starboard",
        "ground_range_m": 33.51,
        "status": "high_confidence",
        "contrast_ratio": 1.92,
        "marker_color": "#ffcc00"
      }
    },
    {
      "type": "Feature",
      "geometry": {
        "type": "Point",
        "coordinates": [
          72.8352872,
          18.9222045
        ]
      },
      "properties": {
        "id": "ad5d471e",
        "class": "container",
        "confidence": 66.7,
        "length_m": 1.54,
        "width_m": 1.56,
        "height_m": 0.05,
        "area_m2": 2.41,
        "channel": "starboard",
        "ground_range_m": 34.33,
        "status": "high_confidence",
        "contrast_ratio": 1.61,
        "marker_color": "#5856d6"
      }
    },
    {
      "type": "Feature",
      "geometry": {
        "type": "Point",
        "coordinates": [
          72.8357774,
          18.9225587
        ]
      },
      "properties": {
        "id": "3aefd625",
        "class": "generic_debris",
        "confidence": 66.7,
        "length_m": 1.7,
        "width_m": 1.76,
        "height_m": 0.05,
        "area_m2": 2.98,
        "channel": "starboard",
        "ground_range_m": 40.96,
        "status": "high_confidence",
        "contrast_ratio": 1.72,
        "marker_color": "#ffcc00"
      }
    },
    {
      "type": "Feature",
      "geometry": {
        "type": "Point",
        "coordinates": [
          72.8355272,
          18.9225786
        ]
      },
      "properties": {
        "id": "c51d9807",
        "class": "container",
        "confidence": 66.7,
        "length_m": 1.54,
        "width_m": 2.15,
        "height_m": 0.09,
        "area_m2": 3.32,
        "channel": "starboard",
        "ground_range_m": 21.77,
        "status": "high_confidence",
        "contrast_ratio": 1.58,
        "marker_color": "#5856d6"
      }
    },
    {
      "type": "Feature",
      "geometry": {
        "type": "Point",
        "coordinates": [
          72.8356169,
          18.9225492
        ]
      },
      "properties": {
        "id": "17de850b",
        "class": "container",
        "confidence": 66.7,
        "length_m": 1.54,
        "width_m": 1.86,
        "height_m": 0.19,
        "area_m2": 2.86,
        "channel": "starboard",
        "ground_range_m": 30.48,
        "status": "high_confidence",
        "contrast_ratio": 1.73,
        "marker_color": "#5856d6"
      }
    },
    {
      "type": "Feature",
      "geometry": {
        "type": "Point",
        "coordinates": [
          72.8353768,
          18.9223111
        ]
      },
      "properties": {
        "id": "c1b7c364",
        "class": "generic_debris",
        "confidence": 66.7,
        "length_m": 1.54,
        "width_m": 1.56,
        "height_m": 0.05,
        "area_m2": 2.41,
        "channel": "starboard",
        "ground_range_m": 32.57,
        "status": "high_confidence",
        "contrast_ratio": 1.74,
        "marker_color": "#ffcc00"
      }
    },
    {
      "type": "Feature",
      "geometry": {
        "type": "Point",
        "coordinates": [
          72.8344951,
          18.922197
        ]
      },
      "properties": {
        "id": "001c4f4e",
        "class": "generic_debris",
        "confidence": 66.6,
        "length_m": 1.54,
        "width_m": 1.76,
        "height_m": 0.13,
        "area_m2": 2.71,
        "channel": "port",
        "ground_range_m": 23.21,
        "status": "high_confidence",
        "contrast_ratio": 1.88,
        "marker_color": "#ffcc00"
      }
    },
    {
      "type": "Feature",
      "geometry": {
        "type": "Point",
        "coordinates": [
          72.8347922,
          18.922761
        ]
      },
      "properties": {
        "id": "5514af8b",
        "class": "generic_debris",
        "confidence": 66.6,
        "length_m": 1.7,
        "width_m": 1.17,
        "height_m": 0.05,
        "area_m2": 1.99,
        "channel": "port",
        "ground_range_m": 46.3,
        "status": "high_confidence",
        "contrast_ratio": 1.82,
        "marker_color": "#ffcc00"
      }
    },
    {
      "type": "Feature",
      "geometry": {
        "type": "Point",
        "coordinates": [
          72.8349244,
          18.9218058
        ]
      },
      "properties": {
        "id": "0cbf2d8d",
        "class": "generic_debris",
        "confidence": 66.6,
        "length_m": 1.7,
        "width_m": 1.56,
        "height_m": 0.05,
        "area_m2": 2.65,
        "channel": "starboard",
        "ground_range_m": 39.49,
        "status": "high_confidence",
        "contrast_ratio": 1.72,
        "marker_color": "#ffcc00"
      }
    },
    {
      "type": "Feature",
      "geometry": {
        "type": "Point",
        "coordinates": [
          72.8354129,
          18.9222325
        ]
      },
      "properties": {
        "id": "c5335cac",
        "class": "generic_debris",
        "confidence": 66.6,
        "length_m": 1.54,
        "width_m": 1.46,
        "height_m": 0.05,
        "area_m2": 2.26,
        "channel": "starboard",
        "ground_range_m": 41.44,
        "status": "high_confidence",
        "contrast_ratio": 1.83,
        "marker_color": "#ffcc00"
      }
    },
    {
      "type": "Feature",
      "geometry": {
        "type": "Point",
        "coordinates": [
          72.8353469,
          18.9223844
        ]
      },
      "properties": {
        "id": "4055264f",
        "class": "container",
        "confidence": 66.6,
        "length_m": 1.54,
        "width_m": 1.66,
        "height_m": 0.05,
        "area_m2": 2.56,
        "channel": "starboard",
        "ground_range_m": 24.53,
        "status": "high_confidence",
        "contrast_ratio": 1.69,
        "marker_color": "#5856d6"
      }
    },
    {
      "type": "Feature",
      "geometry": {
        "type": "Point",
        "coordinates": [
          72.8355414,
          18.9222622
        ]
      },
      "properties": {
        "id": "f38ddb14",
        "class": "generic_debris",
        "confidence": 66.6,
        "length_m": 1.7,
        "width_m": 0.88,
        "height_m": 0.05,
        "area_m2": 1.49,
        "channel": "starboard",
        "ground_range_m": 48.53,
        "status": "high_confidence",
        "contrast_ratio": 1.71,
        "marker_color": "#ffcc00"
      }
    },
    {
      "type": "Feature",
      "geometry": {
        "type": "Point",
        "coordinates": [
          72.8354538,
          18.9223788
        ]
      },
      "properties": {
        "id": "5e32dce9",
        "class": "generic_debris",
        "confidence": 66.6,
        "length_m": 1.7,
        "width_m": 1.86,
        "height_m": 0.05,
        "area_m2": 3.15,
        "channel": "starboard",
        "ground_range_m": 32.81,
        "status": "high_confidence",
        "contrast_ratio": 1.67,
        "marker_color": "#ffcc00"
      }
    },
    {
      "type": "Feature",
      "geometry": {
        "type": "Point",
        "coordinates": [
          72.8348555,
          18.9225679
        ]
      },
      "properties": {
        "id": "dcfc2f3f",
        "class": "generic_debris",
        "confidence": 66.5,
        "length_m": 1.54,
        "width_m": 1.56,
        "height_m": 0.05,
        "area_m2": 2.41,
        "channel": "port",
        "ground_range_m": 26.32,
        "status": "high_confidence",
        "contrast_ratio": 1.67,
        "marker_color": "#ffcc00"
      }
    },
    {
      "type": "Feature",
      "geometry": {
        "type": "Point",
        "coordinates": [
          72.8350614,
          18.9218815
        ]
      },
      "properties": {
        "id": "ccd5bacc",
        "class": "generic_debris",
        "confidence": 66.5,
        "length_m": 1.85,
        "width_m": 1.56,
        "height_m": 0.05,
        "area_m2": 2.89,
        "channel": "starboard",
        "ground_range_m": 43.71,
        "status": "high_confidence",
        "contrast_ratio": 1.79,
        "marker_color": "#ffcc00"
      }
    },
    {
      "type": "Feature",
      "geometry": {
        "type": "Point",
        "coordinates": [
          72.8354689,
          18.922408
        ]
      },
      "properties": {
        "id": "70dda2d9",
        "class": "generic_debris",
        "confidence": 66.5,
        "length_m": 1.54,
        "width_m": 1.56,
        "height_m": 0.05,
        "area_m2": 2.41,
        "channel": "starboard",
        "ground_range_m": 31.57,
        "status": "high_confidence",
        "contrast_ratio": 1.81,
        "marker_color": "#ffcc00"
      }
    },
    {
      "type": "Feature",
      "geometry": {
        "type": "Point",
        "coordinates": [
          72.8357337,
          18.9226047
        ]
      },
      "properties": {
        "id": "ed32d80a",
        "class": "generic_debris",
        "confidence": 66.5,
        "length_m": 1.54,
        "width_m": 1.76,
        "height_m": 0.05,
        "area_m2": 2.71,
        "channel": "starboard",
        "ground_range_m": 34.08,
        "status": "high_confidence",
        "contrast_ratio": 1.85,
        "marker_color": "#ffcc00"
      }
    },
    {
      "type": "Feature",
      "geometry": {
        "type": "Point",
        "coordinates": [
          72.8358355,
          18.9225792
        ]
      },
      "properties": {
        "id": "d8ba148c",
        "class": "generic_debris",
        "confidence": 66.5,
        "length_m": 1.7,
        "width_m": 1.95,
        "height_m": 0.07,
        "area_m2": 3.32,
        "channel": "starboard",
        "ground_range_m": 43.29,
        "status": "high_confidence",
        "contrast_ratio": 1.66,
        "marker_color": "#ffcc00"
      }
    },
    {
      "type": "Feature",
      "geometry": {
        "type": "Point",
        "coordinates": [
          72.8358855,
          18.9226919
        ]
      },
      "properties": {
        "id": "343a672a",
        "class": "generic_debris",
        "confidence": 66.5,
        "length_m": 1.54,
        "width_m": 1.86,
        "height_m": 0.08,
        "area_m2": 2.86,
        "channel": "starboard",
        "ground_range_m": 37.39,
        "status": "high_confidence",
        "contrast_ratio": 1.64,
        "marker_color": "#ffcc00"
      }
    },
    {
      "type": "Feature",
      "geometry": {
        "type": "Point",
        "coordinates": [
          72.8359764,
          18.9226425
        ]
      },
      "properties": {
        "id": "83a0c58c",
        "class": "generic_debris",
        "confidence": 66.5,
        "length_m": 1.54,
        "width_m": 1.95,
        "height_m": 0.06,
        "area_m2": 3.01,
        "channel": "starboard",
        "ground_range_m": 47.81,
        "status": "high_confidence",
        "contrast_ratio": 1.66,
        "marker_color": "#ffcc00"
      }
    },
    {
      "type": "Feature",
      "geometry": {
        "type": "Point",
        "coordinates": [
          72.834435,
          18.9223756
        ]
      },
      "properties": {
        "id": "a7e641e5",
        "class": "generic_debris",
        "confidence": 66.4,
        "length_m": 1.7,
        "width_m": 1.66,
        "height_m": 0.05,
        "area_m2": 2.82,
        "channel": "port",
        "ground_range_m": 41.66,
        "status": "high_confidence",
        "contrast_ratio": 1.71,
        "marker_color": "#ffcc00"
      }
    },
    {
      "type": "Feature",
      "geometry": {
        "type": "Point",
        "coordinates": [
          72.8346353,
          18.9224391
        ]
      },
      "properties": {
        "id": "b6aa544f",
        "class": "generic_debris",
        "confidence": 66.4,
        "length_m": 1.54,
        "width_m": 1.86,
        "height_m": 0.05,
        "area_m2": 2.86,
        "channel": "port",
        "ground_range_m": 32.04,
        "status": "high_confidence",
        "contrast_ratio": 1.64,
        "marker_color": "#ffcc00"
      }
    },
    {
      "type": "Feature",
      "geometry": {
        "type": "Point",
        "coordinates": [
          72.8346714,
          18.9225306
        ]
      },
      "properties": {
        "id": "e581347f",
        "class": "generic_debris",
        "confidence": 66.4,
        "length_m": 1.54,
        "width_m": 1.86,
        "height_m": 0.05,
        "area_m2": 2.86,
        "channel": "port",
        "ground_range_m": 36.81,
        "status": "high_confidence",
        "contrast_ratio": 1.74,
        "marker_color": "#ffcc00"
      }
    },
    {
      "type": "Feature",
      "geometry": {
        "type": "Point",
        "coordinates": [
          72.8348092,
          18.9228008
        ]
      },
      "properties": {
        "id": "483b075e",
        "class": "generic_debris",
        "confidence": 66.4,
        "length_m": 0.93,
        "width_m": 1.27,
        "height_m": 0.05,
        "area_m2": 1.18,
        "channel": "port",
        "ground_range_m": 48.14,
        "status": "high_confidence",
        "contrast_ratio": 1.84,
        "marker_color": "#ffcc00"
      }
    },
    {
      "type": "Feature",
      "geometry": {
        "type": "Point",
        "coordinates": [
          72.8350307,
          18.9223989
        ]
      },
      "properties": {
        "id": "8b8f0ea5",
        "class": "pipe_cylinder",
        "confidence": 66.4,
        "length_m": 1.39,
        "width_m": 3.61,
        "height_m": 9.91,
        "area_m2": 5.02,
        "channel": "port",
        "ground_range_m": 0.0,
        "status": "high_confidence",
        "contrast_ratio": 2.11,
        "marker_color": "#007aff"
      }
    },
    {
      "type": "Feature",
      "geometry": {
        "type": "Point",
        "coordinates": [
          72.8357024,
          18.9224052
        ]
      },
      "properties": {
        "id": "86469c64",
        "class": "generic_debris",
        "confidence": 66.4,
        "length_m": 1.54,
        "width_m": 1.07,
        "height_m": 0.05,
        "area_m2": 1.66,
        "channel": "starboard",
        "ground_range_m": 48.43,
        "status": "high_confidence",
        "contrast_ratio": 1.56,
        "marker_color": "#ffcc00"
      }
    },
    {
      "type": "Feature",
      "geometry": {
        "type": "Point",
        "coordinates": [
          72.8358855,
          18.9227033
        ]
      },
      "properties": {
        "id": "f800195f",
        "class": "generic_debris",
        "confidence": 66.4,
        "length_m": 1.7,
        "width_m": 1.76,
        "height_m": 0.05,
        "area_m2": 2.98,
        "channel": "starboard",
        "ground_range_m": 36.44,
        "status": "high_confidence",
        "contrast_ratio": 1.8,
        "marker_color": "#ffcc00"
      }
    },
    {
      "type": "Feature",
      "geometry": {
        "type": "Point",
        "coordinates": [
          72.8343828,
          18.9222858
        ]
      },
      "properties": {
        "id": "fef4bcc2",
        "class": "container",
        "confidence": 66.3,
        "length_m": 1.54,
        "width_m": 1.76,
        "height_m": 0.05,
        "area_m2": 2.71,
        "channel": "port",
        "ground_range_m": 38.55,
        "status": "high_confidence",
        "contrast_ratio": 1.53,
        "marker_color": "#5856d6"
      }
    },
    {
      "type": "Feature",
      "geometry": {
        "type": "Point",
        "coordinates": [
          72.8345859,
          18.9223553
        ]
      },
      "properties": {
        "id": "1f0ccc4a",
        "class": "generic_debris",
        "confidence": 66.3,
        "length_m": 1.54,
        "width_m": 1.66,
        "height_m": 0.13,
        "area_m2": 2.56,
        "channel": "port",
        "ground_range_m": 28.93,
        "status": "high_confidence",
        "contrast_ratio": 1.66,
        "marker_color": "#ffcc00"
      }
    },
    {
      "type": "Feature",
      "geometry": {
        "type": "Point",
        "coordinates": [
          72.8347147,
          18.9225528
        ]
      },
      "properties": {
        "id": "1367d4fd",
        "class": "generic_debris",
        "confidence": 66.3,
        "length_m": 1.54,
        "width_m": 1.56,
        "height_m": 0.05,
        "area_m2": 2.41,
        "channel": "port",
        "ground_range_m": 35.4,
        "status": "high_confidence",
        "contrast_ratio": 1.73,
        "marker_color": "#ffcc00"
      }
    },
    {
      "type": "Feature",
      "geometry": {
        "type": "Point",
        "coordinates": [
          72.8352593,
          18.9221156
        ]
      },
      "properties": {
        "id": "06ea1aa4",
        "class": "container",
        "confidence": 66.3,
        "length_m": 1.54,
        "width_m": 1.46,
        "height_m": 0.05,
        "area_m2": 2.26,
        "channel": "starboard",
        "ground_range_m": 39.33,
        "status": "high_confidence",
        "contrast_ratio": 1.58,
        "marker_color": "#5856d6"
      }
    },
    {
      "type": "Feature",
      "geometry": {
        "type": "Point",
        "coordinates": [
          72.8351542,
          18.9219994
        ]
      },
      "properties": {
        "id": "d6b0a3ad",
        "class": "generic_debris",
        "confidence": 66.3,
        "length_m": 1.54,
        "width_m": 1.76,
        "height_m": 0.05,
        "area_m2": 2.71,
        "channel": "starboard",
        "ground_range_m": 40.98,
        "status": "high_confidence",
        "contrast_ratio": 1.66,
        "marker_color": "#ffcc00"
      }
    },
    {
      "type": "Feature",
      "geometry": {
        "type": "Point",
        "coordinates": [
          72.8357088,
          18.9225776
        ]
      },
      "properties": {
        "id": "e98688b1",
        "class": "generic_debris",
        "confidence": 66.3,
        "length_m": 1.7,
        "width_m": 1.46,
        "height_m": 0.05,
        "area_m2": 2.49,
        "channel": "starboard",
        "ground_range_m": 34.6,
        "status": "high_confidence",
        "contrast_ratio": 1.8,
        "marker_color": "#ffcc00"
      }
    },
    {
      "type": "Feature",
      "geometry": {
        "type": "Point",
        "coordinates": [
          72.835566,
          18.9223131
        ]
      },
      "properties": {
        "id": "66102e0a",
        "class": "generic_debris",
        "confidence": 66.3,
        "length_m": 1.54,
        "width_m": 2.05,
        "height_m": 0.05,
        "area_m2": 3.17,
        "channel": "starboard",
        "ground_range_m": 46.26,
        "status": "high_confidence",
        "contrast_ratio": 1.54,
        "marker_color": "#ffcc00"
      }
    },
    {
      "type": "Feature",
      "geometry": {
        "type": "Point",
        "coordinates": [
          72.8356882,
          18.9225447
        ]
      },
      "properties": {
        "id": "8c16e4b7",
        "class": "generic_debris",
        "confidence": 66.3,
        "length_m": 1.54,
        "width_m": 1.46,
        "height_m": 0.05,
        "area_m2": 2.26,
        "channel": "starboard",
        "ground_range_m": 35.88,
        "status": "high_confidence",
        "contrast_ratio": 1.64,
        "marker_color": "#ffcc00"
      }
    },
    {
      "type": "Feature",
      "geometry": {
        "type": "Point",
        "coordinates": [
          72.8353665,
          18.9221286
        ]
      },
      "properties": {
        "id": "861ddfe3",
        "class": "generic_debris",
        "confidence": 66.2,
        "length_m": 1.7,
        "width_m": 1.37,
        "height_m": 0.05,
        "area_m2": 2.32,
        "channel": "starboard",
        "ground_range_m": 46.21,
        "status": "high_confidence",
        "contrast_ratio": 1.59,
        "marker_color": "#ffcc00"
      }
    },
    {
      "type": "Feature",
      "geometry": {
        "type": "Point",
        "coordinates": [
          72.8356392,
          18.922724
        ]
      },
      "properties": {
        "id": "8702473c",
        "class": "generic_debris",
        "confidence": 66.2,
        "length_m": 1.54,
        "width_m": 2.25,
        "height_m": 0.27,
        "area_m2": 3.47,
        "channel": "starboard",
        "ground_range_m": 17.56,
        "status": "high_confidence",
        "contrast_ratio": 1.56,
        "marker_color": "#ffcc00"
      }
    },
    {
      "type": "Feature",
      "geometry": {
        "type": "Point",
        "coordinates": [
          72.835244,
          18.9225974
        ]
      },
      "properties": {
        "id": "87d30aeb",
        "class": "pipe_cylinder",
        "confidence": 66.2,
        "length_m": 1.39,
        "width_m": 2.25,
        "height_m": 9.91,
        "area_m2": 3.12,
        "channel": "starboard",
        "ground_range_m": 0.0,
        "status": "high_confidence",
        "contrast_ratio": 1.58,
        "marker_color": "#007aff"
      }
    },
    {
      "type": "Feature",
      "geometry": {
        "type": "Point",
        "coordinates": [
          72.8355591,
          18.9223145
        ]
      },
      "properties": {
        "id": "531d46f6",
        "class": "container",
        "confidence": 66.2,
        "length_m": 1.54,
        "width_m": 1.66,
        "height_m": 0.05,
        "area_m2": 2.56,
        "channel": "starboard",
        "ground_range_m": 45.65,
        "status": "high_confidence",
        "contrast_ratio": 1.5,
        "marker_color": "#5856d6"
      }
    },
    {
      "type": "Feature",
      "geometry": {
        "type": "Point",
        "coordinates": [
          72.8354862,
          18.9224566
        ]
      },
      "properties": {
        "id": "b4e189c1",
        "class": "generic_debris",
        "confidence": 66.2,
        "length_m": 1.54,
        "width_m": 1.66,
        "height_m": 0.05,
        "area_m2": 2.56,
        "channel": "starboard",
        "ground_range_m": 28.91,
        "status": "high_confidence",
        "contrast_ratio": 1.76,
        "marker_color": "#ffcc00"
      }
    },
    {
      "type": "Feature",
      "geometry": {
        "type": "Point",
        "coordinates": [
          72.835861,
          18.9226013
        ]
      },
      "properties": {
        "id": "ce7e4bf9",
        "class": "generic_debris",
        "confidence": 66.2,
        "length_m": 1.54,
        "width_m": 1.95,
        "height_m": 0.05,
        "area_m2": 3.01,
        "channel": "starboard",
        "ground_range_m": 43.22,
        "status": "high_confidence",
        "contrast_ratio": 1.57,
        "marker_color": "#ffcc00"
      }
    },
    {
      "type": "Feature",
      "geometry": {
        "type": "Point",
        "coordinates": [
          72.8343366,
          18.9223113
        ]
      },
      "properties": {
        "id": "f4518de1",
        "class": "generic_debris",
        "confidence": 66.1,
        "length_m": 1.54,
        "width_m": 1.76,
        "height_m": 0.05,
        "area_m2": 2.71,
        "channel": "port",
        "ground_range_m": 44.01,
        "status": "high_confidence",
        "contrast_ratio": 1.85,
        "marker_color": "#ffcc00"
      }
    },
    {
      "type": "Feature",
      "geometry": {
        "type": "Point",
        "coordinates": [
          72.8346984,
          18.9226963
        ]
      },
      "properties": {
        "id": "a2c88ac1",
        "class": "generic_debris",
        "confidence": 66.1,
        "length_m": 1.54,
        "width_m": 1.76,
        "height_m": 0.05,
        "area_m2": 2.71,
        "channel": "port",
        "ground_range_m": 48.1,
        "status": "high_confidence",
        "contrast_ratio": 1.66,
        "marker_color": "#ffcc00"
      }
    },
    {
      "type": "Feature",
      "geometry": {
        "type": "Point",
        "coordinates": [
          72.8349095,
          18.9225249
        ]
      },
      "properties": {
        "id": "9419aae8",
        "class": "generic_debris",
        "confidence": 66.1,
        "length_m": 1.54,
        "width_m": 4.79,
        "height_m": 0.35,
        "area_m2": 7.39,
        "channel": "port",
        "ground_range_m": 18.93,
        "status": "high_confidence",
        "contrast_ratio": 2.09,
        "marker_color": "#ffcc00"
      }
    },
    {
      "type": "Feature",
      "geometry": {
        "type": "Point",
        "coordinates": [
          72.8348404,
          18.9227425
        ]
      },
      "properties": {
        "id": "29ba22ce",
        "class": "generic_debris",
        "confidence": 66.1,
        "length_m": 1.54,
        "width_m": 1.46,
        "height_m": 0.05,
        "area_m2": 2.26,
        "channel": "port",
        "ground_range_m": 41.26,
        "status": "high_confidence",
        "contrast_ratio": 1.72,
        "marker_color": "#ffcc00"
      }
    },
    {
      "type": "Feature",
      "geometry": {
        "type": "Point",
        "coordinates": [
          72.8353774,
          18.9222853
        ]
      },
      "properties": {
        "id": "36406375",
        "class": "generic_debris",
        "confidence": 66.1,
        "length_m": 1.54,
        "width_m": 1.46,
        "height_m": 0.05,
        "area_m2": 2.26,
        "channel": "starboard",
        "ground_range_m": 34.65,
        "status": "high_confidence",
        "contrast_ratio": 1.72,
        "marker_color": "#ffcc00"
      }
    },
    {
      "type": "Feature",
      "geometry": {
        "type": "Point",
        "coordinates": [
          72.8357434,
          18.9225199
        ]
      },
      "properties": {
        "id": "2b97e0a5",
        "class": "generic_debris",
        "confidence": 66.1,
        "length_m": 1.7,
        "width_m": 1.56,
        "height_m": 0.05,
        "area_m2": 2.65,
        "channel": "starboard",
        "ground_range_m": 41.8,
        "status": "high_confidence",
        "contrast_ratio": 1.88,
        "marker_color": "#ffcc00"
      }
    },
    {
      "type": "Feature",
      "geometry": {
        "type": "Point",
        "coordinates": [
          72.8354105,
          18.9221807
        ]
      },
      "properties": {
        "id": "809f3305",
        "class": "pipe_cylinder",
        "confidence": 66.1,
        "length_m": 1.54,
        "width_m": 2.34,
        "height_m": 0.05,
        "area_m2": 3.62,
        "channel": "starboard",
        "ground_range_m": 45.31,
        "status": "high_confidence",
        "contrast_ratio": 1.63,
        "marker_color": "#007aff"
      }
    },
    {
      "type": "Feature",
      "geometry": {
        "type": "Point",
        "coordinates": [
          72.8356281,
          18.9223433
        ]
      },
      "properties": {
        "id": "21db3bc2",
        "class": "ghost_net",
        "confidence": 66.1,
        "length_m": 2.16,
        "width_m": 1.37,
        "height_m": 0.05,
        "area_m2": 2.95,
        "channel": "starboard",
        "ground_range_m": 48.28,
        "status": "high_confidence",
        "contrast_ratio": 1.72,
        "marker_color": "#ff3b30"
      }
    },
    {
      "type": "Feature",
      "geometry": {
        "type": "Point",
        "coordinates": [
          72.8353993,
          18.9223535
        ]
      },
      "properties": {
        "id": "3ce0dc8f",
        "class": "pipe_cylinder",
        "confidence": 66.1,
        "length_m": 1.54,
        "width_m": 1.76,
        "height_m": 0.05,
        "area_m2": 2.71,
        "channel": "starboard",
        "ground_range_m": 30.83,
        "status": "high_confidence",
        "contrast_ratio": 2.07,
        "marker_color": "#007aff"
      }
    },
    {
      "type": "Feature",
      "geometry": {
        "type": "Point",
        "coordinates": [
          72.8357048,
          18.9225722
        ]
      },
      "properties": {
        "id": "acb6e337",
        "class": "generic_debris",
        "confidence": 66.1,
        "length_m": 1.54,
        "width_m": 1.66,
        "height_m": 0.05,
        "area_m2": 2.56,
        "channel": "starboard",
        "ground_range_m": 34.77,
        "status": "high_confidence",
        "contrast_ratio": 1.79,
        "marker_color": "#ffcc00"
      }
    },
    {
      "type": "Feature",
      "geometry": {
        "type": "Point",
        "coordinates": [
          72.8344277,
          18.9222204
        ]
      },
      "properties": {
        "id": "77831d2a",
        "class": "generic_debris",
        "confidence": 66.0,
        "length_m": 1.7,
        "width_m": 1.86,
        "height_m": 0.05,
        "area_m2": 3.15,
        "channel": "port",
        "ground_range_m": 30.09,
        "status": "high_confidence",
        "contrast_ratio": 1.8,
        "marker_color": "#ffcc00"
      }
    },
    {
      "type": "Feature",
      "geometry": {
        "type": "Point",
        "coordinates": [
          72.8344233,
          18.9222455
        ]
      },
      "properties": {
        "id": "cab9f205",
        "class": "generic_debris",
        "confidence": 66.0,
        "length_m": 1.54,
        "width_m": 1.56,
        "height_m": 0.12,
        "area_m2": 2.41,
        "channel": "port",
        "ground_range_m": 32.38,
        "status": "high_confidence",
        "contrast_ratio": 1.74,
        "marker_color": "#ffcc00"
      }
    },
    {
      "type": "Feature",
      "geometry": {
        "type": "Point",
        "coordinates": [
          72.8352108,
          18.9221453
        ]
      },
      "properties": {
        "id": "4b2668f6",
        "class": "generic_debris",
        "confidence": 66.0,
        "length_m": 1.7,
        "width_m": 1.37,
        "height_m": 0.05,
        "area_m2": 2.32,
        "channel": "starboard",
        "ground_range_m": 33.41,
        "status": "high_confidence",
        "contrast_ratio": 1.55,
        "marker_color": "#ffcc00"
      }
    },
    {
      "type": "Feature",
      "geometry": {
        "type": "Point",
        "coordinates": [
          72.8349774,
          18.9218049
        ]
      },
      "properties": {
        "id": "3a561371",
        "class": "generic_debris",
        "confidence": 66.0,
        "length_m": 1.7,
        "width_m": 1.86,
        "height_m": 0.05,
        "area_m2": 3.15,
        "channel": "starboard",
        "ground_range_m": 43.56,
        "status": "high_confidence",
        "contrast_ratio": 1.74,
        "marker_color": "#ffcc00"
      }
    },
    {
      "type": "Feature",
      "geometry": {
        "type": "Point",
        "coordinates": [
          72.8355145,
          18.9223463
        ]
      },
      "properties": {
        "id": "d92f8e73",
        "class": "pipe_cylinder",
        "confidence": 66.0,
        "length_m": 1.54,
        "width_m": 1.86,
        "height_m": 0.05,
        "area_m2": 2.86,
        "channel": "starboard",
        "ground_range_m": 39.85,
        "status": "high_confidence",
        "contrast_ratio": 1.75,
        "marker_color": "#007aff"
      }
    },
    {
      "type": "Feature",
      "geometry": {
        "type": "Point",
        "coordinates": [
          72.8356904,
          18.9225521
        ]
      },
      "properties": {
        "id": "42af5b82",
        "class": "generic_debris",
        "confidence": 66.0,
        "length_m": 1.7,
        "width_m": 1.66,
        "height_m": 0.05,
        "area_m2": 2.82,
        "channel": "starboard",
        "ground_range_m": 35.4,
        "status": "high_confidence",
        "contrast_ratio": 1.66,
        "marker_color": "#ffcc00"
      }
    },
    {
      "type": "Feature",
      "geometry": {
        "type": "Point",
        "coordinates": [
          72.8353363,
          18.9232329
        ]
      },
      "properties": {
        "id": "6500c788",
        "class": "ghost_net",
        "confidence": 66.0,
        "length_m": 1.7,
        "width_m": 1.46,
        "height_m": 0.05,
        "area_m2": 2.49,
        "channel": "port",
        "ground_range_m": 45.94,
        "status": "high_confidence",
        "contrast_ratio": 1.69,
        "marker_color": "#ff3b30"
      }
    },
    {
      "type": "Feature",
      "geometry": {
        "type": "Point",
        "coordinates": [
          72.8355586,
          18.9223091
        ]
      },
      "properties": {
        "id": "110bcdf3",
        "class": "generic_debris",
        "confidence": 66.0,
        "length_m": 1.7,
        "width_m": 1.46,
        "height_m": 0.05,
        "area_m2": 2.49,
        "channel": "starboard",
        "ground_range_m": 46.04,
        "status": "high_confidence",
        "contrast_ratio": 1.54,
        "marker_color": "#ffcc00"
      }
    },
    {
      "type": "Feature",
      "geometry": {
        "type": "Point",
        "coordinates": [
          72.8347601,
          18.9226462
        ]
      },
      "properties": {
        "id": "998e5965",
        "class": "generic_debris",
        "confidence": 65.9,
        "length_m": 1.54,
        "width_m": 1.56,
        "height_m": 0.05,
        "area_m2": 2.41,
        "channel": "port",
        "ground_range_m": 39.57,
        "status": "high_confidence",
        "contrast_ratio": 1.91,
        "marker_color": "#ffcc00"
      }
    },
    {
      "type": "Feature",
      "geometry": {
        "type": "Point",
        "coordinates": [
          72.8348418,
          18.9226931
        ]
      },
      "properties": {
        "id": "ab6072ae",
        "class": "generic_debris",
        "confidence": 65.9,
        "length_m": 1.7,
        "width_m": 1.56,
        "height_m": 0.05,
        "area_m2": 2.65,
        "channel": "port",
        "ground_range_m": 37.25,
        "status": "high_confidence",
        "contrast_ratio": 1.62,
        "marker_color": "#ffcc00"
      }
    },
    {
      "type": "Feature",
      "geometry": {
        "type": "Point",
        "coordinates": [
          72.8349346,
          18.922641
        ]
      },
      "properties": {
        "id": "742a8b2c",
        "class": "generic_debris",
        "confidence": 65.9,
        "length_m": 1.7,
        "width_m": 1.56,
        "height_m": 0.05,
        "area_m2": 2.65,
        "channel": "port",
        "ground_range_m": 26.28,
        "status": "high_confidence",
        "contrast_ratio": 1.64,
        "marker_color": "#ffcc00"
      }
    },
    {
      "type": "Feature",
      "geometry": {
        "type": "Point",
        "coordinates": [
          72.8349657,
          18.921754
        ]
      },
      "properties": {
        "id": "af13f9f6",
        "class": "generic_debris",
        "confidence": 65.9,
        "length_m": 1.54,
        "width_m": 1.46,
        "height_m": 0.05,
        "area_m2": 2.26,
        "channel": "starboard",
        "ground_range_m": 46.63,
        "status": "high_confidence",
        "contrast_ratio": 1.57,
        "marker_color": "#ffcc00"
      }
    },
    {
      "type": "Feature",
      "geometry": {
        "type": "Point",
        "coordinates": [
          72.8351887,
          18.9219382
        ]
      },
      "properties": {
        "id": "71e1157c",
        "class": "generic_debris",
        "confidence": 65.9,
        "length_m": 1.54,
        "width_m": 1.07,
        "height_m": 0.05,
        "area_m2": 1.66,
        "channel": "starboard",
        "ground_range_m": 48.43,
        "status": "high_confidence",
        "contrast_ratio": 1.68,
        "marker_color": "#ffcc00"
      }
    },
    {
      "type": "Feature",
      "geometry": {
        "type": "Point",
        "coordinates": [
          72.8354639,
          18.9222161
        ]
      },
      "properties": {
        "id": "e5f88da0",
        "class": "generic_debris",
        "confidence": 65.9,
        "length_m": 1.7,
        "width_m": 1.37,
        "height_m": 0.05,
        "area_m2": 2.32,
        "channel": "starboard",
        "ground_range_m": 46.51,
        "status": "high_confidence",
        "contrast_ratio": 1.74,
        "marker_color": "#ffcc00"
      }
    },
    {
      "type": "Feature",
      "geometry": {
        "type": "Point",
        "coordinates": [
          72.8355846,
          18.9223763
        ]
      },
      "properties": {
        "id": "100e93cc",
        "class": "generic_debris",
        "confidence": 65.9,
        "length_m": 1.54,
        "width_m": 1.95,
        "height_m": 0.05,
        "area_m2": 3.01,
        "channel": "starboard",
        "ground_range_m": 42.49,
        "status": "high_confidence",
        "contrast_ratio": 1.53,
        "marker_color": "#ffcc00"
      }
    },
    {
      "type": "Feature",
      "geometry": {
        "type": "Point",
        "coordinates": [
          72.8357032,
          18.9225274
        ]
      },
      "properties": {
        "id": "62be79c4",
        "class": "generic_debris",
        "confidence": 65.9,
        "length_m": 1.54,
        "width_m": 1.56,
        "height_m": 0.05,
        "area_m2": 2.41,
        "channel": "starboard",
        "ground_range_m": 38.36,
        "status": "high_confidence",
        "contrast_ratio": 1.65,
        "marker_color": "#ffcc00"
      }
    },
    {
      "type": "Feature",
      "geometry": {
        "type": "Point",
        "coordinates": [
          72.8359031,
          18.9226044
        ]
      },
      "properties": {
        "id": "d638a80b",
        "class": "pipe_cylinder",
        "confidence": 65.9,
        "length_m": 1.54,
        "width_m": 2.15,
        "height_m": 0.05,
        "area_m2": 3.32,
        "channel": "starboard",
        "ground_range_m": 45.89,
        "status": "high_confidence",
        "contrast_ratio": 1.62,
        "marker_color": "#007aff"
      }
    },
    {
      "type": "Feature",
      "geometry": {
        "type": "Point",
        "coordinates": [
          72.83593,
          18.9226849
        ]
      },
      "properties": {
        "id": "5ccba78e",
        "class": "generic_debris",
        "confidence": 65.9,
        "length_m": 1.54,
        "width_m": 1.86,
        "height_m": 0.05,
        "area_m2": 2.86,
        "channel": "starboard",
        "ground_range_m": 41.05,
        "status": "high_confidence",
        "contrast_ratio": 1.68,
        "marker_color": "#ffcc00"
      }
    },
    {
      "type": "Feature",
      "geometry": {
        "type": "Point",
        "coordinates": [
          72.8357677,
          18.9225428
        ]
      },
      "properties": {
        "id": "2597b5aa",
        "class": "generic_debris",
        "confidence": 65.8,
        "length_m": 1.54,
        "width_m": 1.46,
        "height_m": 0.05,
        "area_m2": 2.26,
        "channel": "starboard",
        "ground_range_m": 41.61,
        "status": "high_confidence",
        "contrast_ratio": 1.58,
        "marker_color": "#ffcc00"
      }
    },
    {
      "type": "Feature",
      "geometry": {
        "type": "Point",
        "coordinates": [
          72.8357719,
          18.9225932
        ]
      },
      "properties": {
        "id": "644a8c79",
        "class": "generic_debris",
        "confidence": 65.8,
        "length_m": 1.7,
        "width_m": 1.46,
        "height_m": 0.05,
        "area_m2": 2.49,
        "channel": "starboard",
        "ground_range_m": 37.69,
        "status": "high_confidence",
        "contrast_ratio": 1.64,
        "marker_color": "#ffcc00"
      }
    },
    {
      "type": "Feature",
      "geometry": {
        "type": "Point",
        "coordinates": [
          72.8344991,
          18.922425
        ]
      },
      "properties": {
        "id": "a304e466",
        "class": "generic_debris",
        "confidence": 65.7,
        "length_m": 1.54,
        "width_m": 1.46,
        "height_m": 0.05,
        "area_m2": 2.26,
        "channel": "port",
        "ground_range_m": 40.85,
        "status": "high_confidence",
        "contrast_ratio": 1.66,
        "marker_color": "#ffcc00"
      }
    },
    {
      "type": "Feature",
      "geometry": {
        "type": "Point",
        "coordinates": [
          72.834767,
          18.9226774
        ]
      },
      "properties": {
        "id": "e63a99e6",
        "class": "generic_debris",
        "confidence": 65.7,
        "length_m": 1.7,
        "width_m": 1.66,
        "height_m": 0.05,
        "area_m2": 2.82,
        "channel": "port",
        "ground_range_m": 41.53,
        "status": "high_confidence",
        "contrast_ratio": 1.72,
        "marker_color": "#ffcc00"
      }
    },
    {
      "type": "Feature",
      "geometry": {
        "type": "Point",
        "coordinates": [
          72.8348951,
          18.9226976
        ]
      },
      "properties": {
        "id": "0cbd661b",
        "class": "generic_debris",
        "confidence": 65.7,
        "length_m": 1.7,
        "width_m": 1.46,
        "height_m": 0.06,
        "area_m2": 2.49,
        "channel": "port",
        "ground_range_m": 33.65,
        "status": "high_confidence",
        "contrast_ratio": 1.72,
        "marker_color": "#ffcc00"
      }
    },
    {
      "type": "Feature",
      "geometry": {
        "type": "Point",
        "coordinates": [
          72.8351653,
          18.9220291
        ]
      },
      "properties": {
        "id": "1defcb2c",
        "class": "generic_debris",
        "confidence": 65.7,
        "length_m": 1.54,
        "width_m": 1.46,
        "height_m": 0.05,
        "area_m2": 2.26,
        "channel": "starboard",
        "ground_range_m": 39.4,
        "status": "high_confidence",
        "contrast_ratio": 1.76,
        "marker_color": "#ffcc00"
      }
    },
    {
      "type": "Feature",
      "geometry": {
        "type": "Point",
        "coordinates": [
          72.8350142,
          18.92178
        ]
      },
      "properties": {
        "id": "60a44499",
        "class": "generic_debris",
        "confidence": 65.7,
        "length_m": 1.7,
        "width_m": 1.46,
        "height_m": 0.05,
        "area_m2": 2.49,
        "channel": "starboard",
        "ground_range_m": 48.24,
        "status": "high_confidence",
        "contrast_ratio": 1.54,
        "marker_color": "#ffcc00"
      }
    },
    {
      "type": "Feature",
      "geometry": {
        "type": "Point",
        "coordinates": [
          72.835829,
          18.9226068
        ]
      },
      "properties": {
        "id": "96235fcb",
        "class": "generic_debris",
        "confidence": 65.7,
        "length_m": 1.54,
        "width_m": 1.66,
        "height_m": 0.05,
        "area_m2": 2.56,
        "channel": "starboard",
        "ground_range_m": 40.54,
        "status": "high_confidence",
        "contrast_ratio": 1.61,
        "marker_color": "#ffcc00"
      }
    },
    {
      "type": "Feature",
      "geometry": {
        "type": "Point",
        "coordinates": [
          72.8356226,
          18.9223367
        ]
      },
      "properties": {
        "id": "954328a7",
        "class": "generic_debris",
        "confidence": 65.7,
        "length_m": 1.7,
        "width_m": 1.07,
        "height_m": 0.05,
        "area_m2": 1.82,
        "channel": "starboard",
        "ground_range_m": 48.44,
        "status": "high_confidence",
        "contrast_ratio": 1.59,
        "marker_color": "#ffcc00"
      }
    },
    {
      "type": "Feature",
      "geometry": {
        "type": "Point",
        "coordinates": [
          72.8356425,
          18.9225473
        ]
      },
      "properties": {
        "id": "33f68a12",
        "class": "generic_debris",
        "confidence": 65.7,
        "length_m": 1.54,
        "width_m": 1.66,
        "height_m": 0.05,
        "area_m2": 2.56,
        "channel": "starboard",
        "ground_range_m": 32.44,
        "status": "high_confidence",
        "contrast_ratio": 1.69,
        "marker_color": "#ffcc00"
      }
    },
    {
      "type": "Feature",
      "geometry": {
        "type": "Point",
        "coordinates": [
          72.835882,
          18.9226696
        ]
      },
      "properties": {
        "id": "9baf5b1b",
        "class": "generic_debris",
        "confidence": 65.7,
        "length_m": 1.7,
        "width_m": 1.86,
        "height_m": 0.05,
        "area_m2": 3.15,
        "channel": "starboard",
        "ground_range_m": 39.0,
        "status": "high_confidence",
        "contrast_ratio": 1.73,
        "marker_color": "#ffcc00"
      }
    },
    {
      "type": "Feature",
      "geometry": {
        "type": "Point",
        "coordinates": [
          72.8359098,
          18.9226132
        ]
      },
      "properties": {
        "id": "62c418e0",
        "class": "pipe_cylinder",
        "confidence": 65.7,
        "length_m": 1.54,
        "width_m": 2.25,
        "height_m": 0.05,
        "area_m2": 3.47,
        "channel": "starboard",
        "ground_range_m": 45.63,
        "status": "high_confidence",
        "contrast_ratio": 1.58,
        "marker_color": "#007aff"
      }
    },
    {
      "type": "Feature",
      "geometry": {
        "type": "Point",
        "coordinates": [
          72.8347054,
          18.9224631
        ]
      },
      "properties": {
        "id": "975ccfcd",
        "class": "generic_debris",
        "confidence": 65.6,
        "length_m": 1.54,
        "width_m": 1.46,
        "height_m": 0.07,
        "area_m2": 2.26,
        "channel": "port",
        "ground_range_m": 28.9,
        "status": "high_confidence",
        "contrast_ratio": 1.75,
        "marker_color": "#ffcc00"
      }
    },
    {
      "type": "Feature",
      "geometry": {
        "type": "Point",
        "coordinates": [
          72.8346907,
          18.9226376
        ]
      },
      "properties": {
        "id": "37e12ff3",
        "class": "generic_debris",
        "confidence": 65.6,
        "length_m": 1.54,
        "width_m": 1.07,
        "height_m": 0.05,
        "area_m2": 1.66,
        "channel": "port",
        "ground_range_m": 43.95,
        "status": "high_confidence",
        "contrast_ratio": 1.66,
        "marker_color": "#ffcc00"
      }
    },
    {
      "type": "Feature",
      "geometry": {
        "type": "Point",
        "coordinates": [
          72.8347915,
          18.9227832
        ]
      },
      "properties": {
        "id": "96f65599",
        "class": "pipe_cylinder",
        "confidence": 65.6,
        "length_m": 1.54,
        "width_m": 1.76,
        "height_m": 0.05,
        "area_m2": 2.71,
        "channel": "port",
        "ground_range_m": 48.09,
        "status": "high_confidence",
        "contrast_ratio": 1.69,
        "marker_color": "#007aff"
      }
    },
    {
      "type": "Feature",
      "geometry": {
        "type": "Point",
        "coordinates": [
          72.8352889,
          18.9221751
        ]
      },
      "properties": {
        "id": "e23a5d01",
        "class": "generic_debris",
        "confidence": 65.6,
        "length_m": 1.54,
        "width_m": 1.66,
        "height_m": 0.05,
        "area_m2": 2.56,
        "channel": "starboard",
        "ground_range_m": 36.79,
        "status": "high_confidence",
        "contrast_ratio": 1.62,
        "marker_color": "#ffcc00"
      }
    },
    {
      "type": "Feature",
      "geometry": {
        "type": "Point",
        "coordinates": [
          72.8358414,
          18.9226121
        ]
      },
      "properties": {
        "id": "0cf958a2",
        "class": "generic_debris",
        "confidence": 65.6,
        "length_m": 1.54,
        "width_m": 1.66,
        "height_m": 0.05,
        "area_m2": 2.56,
        "channel": "starboard",
        "ground_range_m": 40.95,
        "status": "high_confidence",
        "contrast_ratio": 1.62,
        "marker_color": "#ffcc00"
      }
    },
    {
      "type": "Feature",
      "geometry": {
        "type": "Point",
        "coordinates": [
          72.8355909,
          18.9223972
        ]
      },
      "properties": {
        "id": "cd338dee",
        "class": "generic_debris",
        "confidence": 65.6,
        "length_m": 1.7,
        "width_m": 1.66,
        "height_m": 0.05,
        "area_m2": 2.82,
        "channel": "starboard",
        "ground_range_m": 41.21,
        "status": "high_confidence",
        "contrast_ratio": 1.64,
        "marker_color": "#ffcc00"
      }
    },
    {
      "type": "Feature",
      "geometry": {
        "type": "Point",
        "coordinates": [
          72.835717,
          18.9224261
        ]
      },
      "properties": {
        "id": "c5661e00",
        "class": "generic_debris",
        "confidence": 65.6,
        "length_m": 1.7,
        "width_m": 1.56,
        "height_m": 0.05,
        "area_m2": 2.65,
        "channel": "starboard",
        "ground_range_m": 47.7,
        "status": "high_confidence",
        "contrast_ratio": 1.71,
        "marker_color": "#ffcc00"
      }
    },
    {
      "type": "Feature",
      "geometry": {
        "type": "Point",
        "coordinates": [
          72.8357045,
          18.9225372
        ]
      },
      "properties": {
        "id": "426ea71a",
        "class": "generic_debris",
        "confidence": 65.6,
        "length_m": 1.54,
        "width_m": 1.86,
        "height_m": 0.05,
        "area_m2": 2.86,
        "channel": "starboard",
        "ground_range_m": 37.63,
        "status": "high_confidence",
        "contrast_ratio": 1.71,
        "marker_color": "#ffcc00"
      }
    },
    {
      "type": "Feature",
      "geometry": {
        "type": "Point",
        "coordinates": [
          72.8358251,
          18.9227077
        ]
      },
      "properties": {
        "id": "d6014c21",
        "class": "generic_debris",
        "confidence": 65.6,
        "length_m": 1.54,
        "width_m": 1.56,
        "height_m": 0.05,
        "area_m2": 2.41,
        "channel": "starboard",
        "ground_range_m": 31.86,
        "status": "high_confidence",
        "contrast_ratio": 1.69,
        "marker_color": "#ffcc00"
      }
    },
    {
      "type": "Feature",
      "geometry": {
        "type": "Point",
        "coordinates": [
          72.835385,
          18.9223087
        ]
      },
      "properties": {
        "id": "902c833b",
        "class": "generic_debris",
        "confidence": 65.5,
        "length_m": 1.54,
        "width_m": 1.66,
        "height_m": 0.05,
        "area_m2": 2.56,
        "channel": "starboard",
        "ground_range_m": 33.35,
        "status": "high_confidence",
        "contrast_ratio": 1.61,
        "marker_color": "#ffcc00"
      }
    },
    {
      "type": "Feature",
      "geometry": {
        "type": "Point",
        "coordinates": [
          72.8355139,
          18.9223525
        ]
      },
      "properties": {
        "id": "dd397320",
        "class": "ghost_net",
        "confidence": 65.5,
        "length_m": 1.7,
        "width_m": 1.86,
        "height_m": 0.05,
        "area_m2": 3.15,
        "channel": "starboard",
        "ground_range_m": 39.3,
        "status": "high_confidence",
        "contrast_ratio": 1.75,
        "marker_color": "#ff3b30"
      }
    },
    {
      "type": "Feature",
      "geometry": {
        "type": "Point",
        "coordinates": [
          72.8355751,
          18.922371
        ]
      },
      "properties": {
        "id": "b4dba8e1",
        "class": "generic_debris",
        "confidence": 65.5,
        "length_m": 1.7,
        "width_m": 1.46,
        "height_m": 0.05,
        "area_m2": 2.49,
        "channel": "starboard",
        "ground_range_m": 42.25,
        "status": "high_confidence",
        "contrast_ratio": 1.74,
        "marker_color": "#ffcc00"
      }
    },
    {
      "type": "Feature",
      "geometry": {
        "type": "Point",
        "coordinates": [
          72.83582,
          18.9225842
        ]
      },
      "properties": {
        "id": "1a13731e",
        "class": "ghost_net",
        "confidence": 65.5,
        "length_m": 1.85,
        "width_m": 1.76,
        "height_m": 0.05,
        "area_m2": 3.26,
        "channel": "starboard",
        "ground_range_m": 41.8,
        "status": "high_confidence",
        "contrast_ratio": 1.86,
        "marker_color": "#ff3b30"
      }
    },
    {
      "type": "Feature",
      "geometry": {
        "type": "Point",
        "coordinates": [
          72.8356671,
          18.9224244
        ]
      },
      "properties": {
        "id": "f4b757a1",
        "class": "generic_debris",
        "confidence": 65.5,
        "length_m": 1.54,
        "width_m": 1.46,
        "height_m": 0.05,
        "area_m2": 2.26,
        "channel": "starboard",
        "ground_range_m": 44.36,
        "status": "high_confidence",
        "contrast_ratio": 1.68,
        "marker_color": "#ffcc00"
      }
    },
    {
      "type": "Feature",
      "geometry": {
        "type": "Point",
        "coordinates": [
          72.8343868,
          18.9222697
        ]
      },
      "properties": {
        "id": "98a98472",
        "class": "pipe_cylinder",
        "confidence": 65.4,
        "length_m": 1.7,
        "width_m": 2.05,
        "height_m": 0.05,
        "area_m2": 3.48,
        "channel": "port",
        "ground_range_m": 37.0,
        "status": "high_confidence",
        "contrast_ratio": 1.73,
        "marker_color": "#007aff"
      }
    },
    {
      "type": "Feature",
      "geometry": {
        "type": "Point",
        "coordinates": [
          72.8348269,
          18.9227449
        ]
      },
      "properties": {
        "id": "7f575fa8",
        "class": "generic_debris",
        "confidence": 65.4,
        "length_m": 1.54,
        "width_m": 1.66,
        "height_m": 0.11,
        "area_m2": 2.56,
        "channel": "port",
        "ground_range_m": 42.45,
        "status": "high_confidence",
        "contrast_ratio": 1.51,
        "marker_color": "#ffcc00"
      }
    },
    {
      "type": "Feature",
      "geometry": {
        "type": "Point",
        "coordinates": [
          72.8350076,
          18.9218558
        ]
      },
      "properties": {
        "id": "49e02608",
        "class": "generic_debris",
        "confidence": 65.4,
        "length_m": 1.54,
        "width_m": 1.56,
        "height_m": 0.05,
        "area_m2": 2.41,
        "channel": "starboard",
        "ground_range_m": 41.79,
        "status": "high_confidence",
        "contrast_ratio": 1.57,
        "marker_color": "#ffcc00"
      }
    },
    {
      "type": "Feature",
      "geometry": {
        "type": "Point",
        "coordinates": [
          72.8352913,
          18.9222342
        ]
      },
      "properties": {
        "id": "9f17a40b",
        "class": "ghost_net",
        "confidence": 65.4,
        "length_m": 1.7,
        "width_m": 1.76,
        "height_m": 0.05,
        "area_m2": 2.98,
        "channel": "starboard",
        "ground_range_m": 32.28,
        "status": "high_confidence",
        "contrast_ratio": 1.89,
        "marker_color": "#ff3b30"
      }
    },
    {
      "type": "Feature",
      "geometry": {
        "type": "Point",
        "coordinates": [
          72.8354087,
          18.9222243
        ]
      },
      "properties": {
        "id": "f2a4216c",
        "class": "ghost_net",
        "confidence": 65.4,
        "length_m": 1.7,
        "width_m": 1.56,
        "height_m": 0.05,
        "area_m2": 2.65,
        "channel": "starboard",
        "ground_range_m": 41.76,
        "status": "high_confidence",
        "contrast_ratio": 1.74,
        "marker_color": "#ff3b30"
      }
    },
    {
      "type": "Feature",
      "geometry": {
        "type": "Point",
        "coordinates": [
          72.8355699,
          18.9223682
        ]
      },
      "properties": {
        "id": "52d3c973",
        "class": "generic_debris",
        "confidence": 65.4,
        "length_m": 1.85,
        "width_m": 0.98,
        "height_m": 0.05,
        "area_m2": 1.81,
        "channel": "starboard",
        "ground_range_m": 42.11,
        "status": "high_confidence",
        "contrast_ratio": 1.6,
        "marker_color": "#ffcc00"
      }
    },
    {
      "type": "Feature",
      "geometry": {
        "type": "Point",
        "coordinates": [
          72.8355359,
          18.9224083
        ]
      },
      "properties": {
        "id": "3ddba048",
        "class": "generic_debris",
        "confidence": 65.4,
        "length_m": 1.54,
        "width_m": 1.66,
        "height_m": 0.05,
        "area_m2": 2.56,
        "channel": "starboard",
        "ground_range_m": 36.4,
        "status": "high_confidence",
        "contrast_ratio": 1.71,
        "marker_color": "#ffcc00"
      }
    },
    {
      "type": "Feature",
      "geometry": {
        "type": "Point",
        "coordinates": [
          72.8356223,
          18.9224754
        ]
      },
      "properties": {
        "id": "5159d835",
        "class": "container",
        "confidence": 65.4,
        "length_m": 1.54,
        "width_m": 1.46,
        "height_m": 0.05,
        "area_m2": 2.26,
        "channel": "starboard",
        "ground_range_m": 36.98,
        "status": "high_confidence",
        "contrast_ratio": 1.71,
        "marker_color": "#5856d6"
      }
    },
    {
      "type": "Feature",
      "geometry": {
        "type": "Point",
        "coordinates": [
          72.8356779,
          18.9226268
        ]
      },
      "properties": {
        "id": "0773cec5",
        "class": "generic_debris",
        "confidence": 65.4,
        "length_m": 1.7,
        "width_m": 1.76,
        "height_m": 0.05,
        "area_m2": 2.98,
        "channel": "starboard",
        "ground_range_m": 28.35,
        "status": "high_confidence",
        "contrast_ratio": 1.64,
        "marker_color": "#ffcc00"
      }
    },
    {
      "type": "Feature",
      "geometry": {
        "type": "Point",
        "coordinates": [
          72.8358508,
          18.9226558
        ]
      },
      "properties": {
        "id": "96f69e9d",
        "class": "generic_debris",
        "confidence": 65.4,
        "length_m": 1.54,
        "width_m": 1.56,
        "height_m": 0.08,
        "area_m2": 2.41,
        "channel": "starboard",
        "ground_range_m": 37.97,
        "status": "high_confidence",
        "contrast_ratio": 1.57,
        "marker_color": "#ffcc00"
      }
    },
    {
      "type": "Feature",
      "geometry": {
        "type": "Point",
        "coordinates": [
          72.8345402,
          18.9223546
        ]
      },
      "properties": {
        "id": "731ac61c",
        "class": "generic_debris",
        "confidence": 65.3,
        "length_m": 1.54,
        "width_m": 1.46,
        "height_m": 0.06,
        "area_m2": 2.26,
        "channel": "port",
        "ground_range_m": 32.23,
        "status": "high_confidence",
        "contrast_ratio": 1.65,
        "marker_color": "#ffcc00"
      }
    },
    {
      "type": "Feature",
      "geometry": {
        "type": "Point",
        "coordinates": [
          72.834499,
          18.922435
        ]
      },
      "properties": {
        "id": "14a33a86",
        "class": "generic_debris",
        "confidence": 65.3,
        "length_m": 1.7,
        "width_m": 1.46,
        "height_m": 0.05,
        "area_m2": 2.49,
        "channel": "port",
        "ground_range_m": 41.66,
        "status": "high_confidence",
        "contrast_ratio": 1.64,
        "marker_color": "#ffcc00"
      }
    },
    {
      "type": "Feature",
      "geometry": {
        "type": "Point",
        "coordinates": [
          72.8348462,
          18.9225704
        ]
      },
      "properties": {
        "id": "0220145d",
        "class": "generic_debris",
        "confidence": 65.3,
        "length_m": 1.54,
        "width_m": 1.66,
        "height_m": 0.07,
        "area_m2": 2.56,
        "channel": "port",
        "ground_range_m": 27.21,
        "status": "high_confidence",
        "contrast_ratio": 1.67,
        "marker_color": "#ffcc00"
      }
    },
    {
      "type": "Feature",
      "geometry": {
        "type": "Point",
        "coordinates": [
          72.8350768,
          18.9219182
        ]
      },
      "properties": {
        "id": "94caa860",
        "class": "generic_debris",
        "confidence": 65.3,
        "length_m": 1.54,
        "width_m": 1.37,
        "height_m": 0.05,
        "area_m2": 2.11,
        "channel": "starboard",
        "ground_range_m": 41.9,
        "status": "high_confidence",
        "contrast_ratio": 1.8,
        "marker_color": "#ffcc00"
      }
    },
    {
      "type": "Feature",
      "geometry": {
        "type": "Point",
        "coordinates": [
          72.8352372,
          18.9222098
        ]
      },
      "properties": {
        "id": "477cbd9b",
        "class": "generic_debris",
        "confidence": 65.3,
        "length_m": 1.54,
        "width_m": 1.56,
        "height_m": 0.05,
        "area_m2": 2.41,
        "channel": "starboard",
        "ground_range_m": 30.22,
        "status": "high_confidence",
        "contrast_ratio": 1.64,
        "marker_color": "#ffcc00"
      }
    },
    {
      "type": "Feature",
      "geometry": {
        "type": "Point",
        "coordinates": [
          72.8354496,
          18.9223181
        ]
      },
      "properties": {
        "id": "662c0d02",
        "class": "generic_debris",
        "confidence": 65.3,
        "length_m": 1.54,
        "width_m": 1.76,
        "height_m": 0.05,
        "area_m2": 2.71,
        "channel": "starboard",
        "ground_range_m": 37.34,
        "status": "high_confidence",
        "contrast_ratio": 1.6,
        "marker_color": "#ffcc00"
      }
    },
    {
      "type": "Feature",
      "geometry": {
        "type": "Point",
        "coordinates": [
          72.8356029,
          18.9224362
        ]
      },
      "properties": {
        "id": "3b6dfa9d",
        "class": "generic_debris",
        "confidence": 65.3,
        "length_m": 1.54,
        "width_m": 1.95,
        "height_m": 0.05,
        "area_m2": 3.01,
        "channel": "starboard",
        "ground_range_m": 38.85,
        "status": "high_confidence",
        "contrast_ratio": 1.53,
        "marker_color": "#ffcc00"
      }
    },
    {
      "type": "Feature",
      "geometry": {
        "type": "Point",
        "coordinates": [
          72.8355712,
          18.9225108
        ]
      },
      "properties": {
        "id": "7baa4157",
        "class": "generic_debris",
        "confidence": 65.3,
        "length_m": 1.7,
        "width_m": 1.46,
        "height_m": 0.05,
        "area_m2": 2.49,
        "channel": "starboard",
        "ground_range_m": 30.47,
        "status": "high_confidence",
        "contrast_ratio": 1.61,
        "marker_color": "#ffcc00"
      }
    },
    {
      "type": "Feature",
      "geometry": {
        "type": "Point",
        "coordinates": [
          72.8354249,
          18.922244
        ]
      },
      "properties": {
        "id": "ac7dc708",
        "class": "generic_debris",
        "confidence": 65.3,
        "length_m": 1.7,
        "width_m": 1.66,
        "height_m": 0.05,
        "area_m2": 2.82,
        "channel": "starboard",
        "ground_range_m": 41.43,
        "status": "high_confidence",
        "contrast_ratio": 1.75,
        "marker_color": "#ffcc00"
      }
    },
    {
      "type": "Feature",
      "geometry": {
        "type": "Point",
        "coordinates": [
          72.8353729,
          18.9222969
        ]
      },
      "properties": {
        "id": "27336e0a",
        "class": "generic_debris",
        "confidence": 65.3,
        "length_m": 1.54,
        "width_m": 1.56,
        "height_m": 0.06,
        "area_m2": 2.41,
        "channel": "starboard",
        "ground_range_m": 33.4,
        "status": "high_confidence",
        "contrast_ratio": 1.63,
        "marker_color": "#ffcc00"
      }
    },
    {
      "type": "Feature",
      "geometry": {
        "type": "Point",
        "coordinates": [
          72.8354416,
          18.9223029
        ]
      },
      "properties": {
        "id": "ba25cebf",
        "class": "pipe_cylinder",
        "confidence": 65.3,
        "length_m": 1.54,
        "width_m": 1.76,
        "height_m": 0.05,
        "area_m2": 2.71,
        "channel": "starboard",
        "ground_range_m": 37.97,
        "status": "high_confidence",
        "contrast_ratio": 1.64,
        "marker_color": "#007aff"
      }
    },
    {
      "type": "Feature",
      "geometry": {
        "type": "Point",
        "coordinates": [
          72.8357061,
          18.9225325
        ]
      },
      "properties": {
        "id": "9351b0c5",
        "class": "container",
        "confidence": 65.3,
        "length_m": 1.54,
        "width_m": 1.76,
        "height_m": 0.08,
        "area_m2": 2.71,
        "channel": "starboard",
        "ground_range_m": 38.14,
        "status": "high_confidence",
        "contrast_ratio": 1.7,
        "marker_color": "#5856d6"
      }
    },
    {
      "type": "Feature",
      "geometry": {
        "type": "Point",
        "coordinates": [
          72.8347774,
          18.9225073
        ]
      },
      "properties": {
        "id": "f8c7cfb4",
        "class": "generic_debris",
        "confidence": 65.2,
        "length_m": 1.54,
        "width_m": 1.66,
        "height_m": 0.05,
        "area_m2": 2.56,
        "channel": "port",
        "ground_range_m": 27.19,
        "status": "high_confidence",
        "contrast_ratio": 1.61,
        "marker_color": "#ffcc00"
      }
    },
    {
      "type": "Feature",
      "geometry": {
        "type": "Point",
        "coordinates": [
          72.8346909,
          18.9226459
        ]
      },
      "properties": {
        "id": "d20dfc7f",
        "class": "pipe_cylinder",
        "confidence": 65.2,
        "length_m": 1.54,
        "width_m": 1.56,
        "height_m": 0.05,
        "area_m2": 2.41,
        "channel": "port",
        "ground_range_m": 44.62,
        "status": "high_confidence",
        "contrast_ratio": 1.62,
        "marker_color": "#007aff"
      }
    },
    {
      "type": "Feature",
      "geometry": {
        "type": "Point",
        "coordinates": [
          72.8350366,
          18.9220239
        ]
      },
      "properties": {
        "id": "00405715",
        "class": "generic_debris",
        "confidence": 65.2,
        "length_m": 1.7,
        "width_m": 2.05,
        "height_m": 0.06,
        "area_m2": 3.48,
        "channel": "starboard",
        "ground_range_m": 30.5,
        "status": "high_confidence",
        "contrast_ratio": 1.62,
        "marker_color": "#ffcc00"
      }
    },
    {
      "type": "Feature",
      "geometry": {
        "type": "Point",
        "coordinates": [
          72.835316,
          18.92211
        ]
      },
      "properties": {
        "id": "8c1a5bfd",
        "class": "generic_debris",
        "confidence": 65.2,
        "length_m": 1.7,
        "width_m": 1.46,
        "height_m": 0.05,
        "area_m2": 2.49,
        "channel": "starboard",
        "ground_range_m": 43.94,
        "status": "high_confidence",
        "contrast_ratio": 1.55,
        "marker_color": "#ffcc00"
      }
    },
    {
      "type": "Feature",
      "geometry": {
        "type": "Point",
        "coordinates": [
          72.8352819,
          18.9232195
        ]
      },
      "properties": {
        "id": "3a167186",
        "class": "generic_debris",
        "confidence": 65.2,
        "length_m": 1.54,
        "width_m": 0.68,
        "height_m": 0.05,
        "area_m2": 1.06,
        "channel": "port",
        "ground_range_m": 48.63,
        "status": "high_confidence",
        "contrast_ratio": 1.5,
        "marker_color": "#ffcc00"
      }
    },
    {
      "type": "Feature",
      "geometry": {
        "type": "Point",
        "coordinates": [
          72.8353838,
          18.9223224
        ]
      },
      "properties": {
        "id": "69f5d8b1",
        "class": "container",
        "confidence": 65.2,
        "length_m": 1.54,
        "width_m": 1.37,
        "height_m": 0.06,
        "area_m2": 2.11,
        "channel": "starboard",
        "ground_range_m": 32.18,
        "status": "high_confidence",
        "contrast_ratio": 1.55,
        "marker_color": "#5856d6"
      }
    },
    {
      "type": "Feature",
      "geometry": {
        "type": "Point",
        "coordinates": [
          72.8354368,
          18.9222981
        ]
      },
      "properties": {
        "id": "74a0187c",
        "class": "generic_debris",
        "confidence": 65.2,
        "length_m": 1.7,
        "width_m": 1.46,
        "height_m": 0.05,
        "area_m2": 2.49,
        "channel": "starboard",
        "ground_range_m": 38.0,
        "status": "high_confidence",
        "contrast_ratio": 1.55,
        "marker_color": "#ffcc00"
      }
    },
    {
      "type": "Feature",
      "geometry": {
        "type": "Point",
        "coordinates": [
          72.8356044,
          18.9224586
        ]
      },
      "properties": {
        "id": "a7d943f0",
        "class": "generic_debris",
        "confidence": 65.2,
        "length_m": 1.85,
        "width_m": 1.46,
        "height_m": 0.05,
        "area_m2": 2.71,
        "channel": "starboard",
        "ground_range_m": 37.1,
        "status": "high_confidence",
        "contrast_ratio": 1.79,
        "marker_color": "#ffcc00"
      }
    },
    {
      "type": "Feature",
      "geometry": {
        "type": "Point",
        "coordinates": [
          72.8355818,
          18.9225735
        ]
      },
      "properties": {
        "id": "9367e16e",
        "class": "generic_debris",
        "confidence": 65.2,
        "length_m": 1.54,
        "width_m": 1.46,
        "height_m": 0.05,
        "area_m2": 2.26,
        "channel": "starboard",
        "ground_range_m": 26.01,
        "status": "high_confidence",
        "contrast_ratio": 1.68,
        "marker_color": "#ffcc00"
      }
    },
    {
      "type": "Feature",
      "geometry": {
        "type": "Point",
        "coordinates": [
          72.8354984,
          18.9222564
        ]
      },
      "properties": {
        "id": "41e0031a",
        "class": "generic_debris",
        "confidence": 65.2,
        "length_m": 1.54,
        "width_m": 1.86,
        "height_m": 0.05,
        "area_m2": 2.86,
        "channel": "starboard",
        "ground_range_m": 45.84,
        "status": "high_confidence",
        "contrast_ratio": 1.54,
        "marker_color": "#ffcc00"
      }
    },
    {
      "type": "Feature",
      "geometry": {
        "type": "Point",
        "coordinates": [
          72.835841,
          18.9225918
        ]
      },
      "properties": {
        "id": "4ee21981",
        "class": "generic_debris",
        "confidence": 65.2,
        "length_m": 1.54,
        "width_m": 1.66,
        "height_m": 0.05,
        "area_m2": 2.56,
        "channel": "starboard",
        "ground_range_m": 42.63,
        "status": "high_confidence",
        "contrast_ratio": 1.63,
        "marker_color": "#ffcc00"
      }
    },
    {
      "type": "Feature",
      "geometry": {
        "type": "Point",
        "coordinates": [
          72.8345169,
          18.9225037
        ]
      },
      "properties": {
        "id": "9703cffc",
        "class": "generic_debris",
        "confidence": 65.1,
        "length_m": 1.54,
        "width_m": 1.46,
        "height_m": 0.05,
        "area_m2": 2.26,
        "channel": "port",
        "ground_range_m": 45.84,
        "status": "high_confidence",
        "contrast_ratio": 1.6,
        "marker_color": "#ffcc00"
      }
    },
    {
      "type": "Feature",
      "geometry": {
        "type": "Point",
        "coordinates": [
          72.8348419,
          18.9224842
        ]
      },
      "properties": {
        "id": "07a56ddb",
        "class": "generic_debris",
        "confidence": 65.1,
        "length_m": 1.54,
        "width_m": 4.88,
        "height_m": 0.45,
        "area_m2": 7.54,
        "channel": "port",
        "ground_range_m": 20.64,
        "status": "high_confidence",
        "contrast_ratio": 1.8,
        "marker_color": "#ffcc00"
      }
    },
    {
      "type": "Feature",
      "geometry": {
        "type": "Point",
        "coordinates": [
          72.834701,
          18.9226738
        ]
      },
      "properties": {
        "id": "9c0c56c9",
        "class": "generic_debris",
        "confidence": 65.1,
        "length_m": 1.85,
        "width_m": 1.37,
        "height_m": 0.05,
        "area_m2": 2.53,
        "channel": "port",
        "ground_range_m": 46.11,
        "status": "high_confidence",
        "contrast_ratio": 1.62,
        "marker_color": "#ffcc00"
      }
    },
    {
      "type": "Feature",
      "geometry": {
        "type": "Point",
        "coordinates": [
          72.8348635,
          18.9226149
        ]
      },
      "properties": {
        "id": "a38c99f5",
        "class": "generic_debris",
        "confidence": 65.1,
        "length_m": 1.7,
        "width_m": 1.66,
        "height_m": 0.05,
        "area_m2": 2.82,
        "channel": "port",
        "ground_range_m": 29.45,
        "status": "high_confidence",
        "contrast_ratio": 1.65,
        "marker_color": "#ffcc00"
      }
    },
    {
      "type": "Feature",
      "geometry": {
        "type": "Point",
        "coordinates": [
          72.8350101,
          18.9217741
        ]
      },
      "properties": {
        "id": "1d2acec9",
        "class": "generic_debris",
        "confidence": 65.1,
        "length_m": 1.54,
        "width_m": 1.17,
        "height_m": 0.05,
        "area_m2": 1.81,
        "channel": "starboard",
        "ground_range_m": 48.4,
        "status": "high_confidence",
        "contrast_ratio": 1.52,
        "marker_color": "#ffcc00"
      }
    },
    {
      "type": "Feature",
      "geometry": {
        "type": "Point",
        "coordinates": [
          72.8354481,
          18.9223142
        ]
      },
      "properties": {
        "id": "5e54fc5f",
        "class": "generic_debris",
        "confidence": 65.1,
        "length_m": 1.54,
        "width_m": 1.37,
        "height_m": 0.05,
        "area_m2": 2.11,
        "channel": "starboard",
        "ground_range_m": 37.54,
        "status": "high_confidence",
        "contrast_ratio": 1.62,
        "marker_color": "#ffcc00"
      }
    },
    {
      "type": "Feature",
      "geometry": {
        "type": "Point",
        "coordinates": [
          72.8354343,
          18.9224474
        ]
      },
      "properties": {
        "id": "15ed9b53",
        "class": "generic_debris",
        "confidence": 65.1,
        "length_m": 1.54,
        "width_m": 1.76,
        "height_m": 0.07,
        "area_m2": 2.71,
        "channel": "starboard",
        "ground_range_m": 25.89,
        "status": "high_confidence",
        "contrast_ratio": 1.54,
        "marker_color": "#ffcc00"
      }
    },
    {
      "type": "Feature",
      "geometry": {
        "type": "Point",
        "coordinates": [
          72.8355812,
          18.9223647
        ]
      },
      "properties": {
        "id": "3ebb2d54",
        "class": "generic_debris",
        "confidence": 65.1,
        "length_m": 1.7,
        "width_m": 1.37,
        "height_m": 0.05,
        "area_m2": 2.32,
        "channel": "starboard",
        "ground_range_m": 43.2,
        "status": "high_confidence",
        "contrast_ratio": 1.64,
        "marker_color": "#ffcc00"
      }
    },
    {
      "type": "Feature",
      "geometry": {
        "type": "Point",
        "coordinates": [
          72.8357558,
          18.922696
        ]
      },
      "properties": {
        "id": "6e440ce1",
        "class": "generic_debris",
        "confidence": 65.1,
        "length_m": 1.7,
        "width_m": 1.66,
        "height_m": 0.05,
        "area_m2": 2.82,
        "channel": "starboard",
        "ground_range_m": 28.0,
        "status": "high_confidence",
        "contrast_ratio": 1.63,
        "marker_color": "#ffcc00"
      }
    },
    {
      "type": "Feature",
      "geometry": {
        "type": "Point",
        "coordinates": [
          72.8343807,
          18.9222669
        ]
      },
      "properties": {
        "id": "d7f09b63",
        "class": "generic_debris",
        "confidence": 65.0,
        "length_m": 1.54,
        "width_m": 1.56,
        "height_m": 0.05,
        "area_m2": 2.41,
        "channel": "port",
        "ground_range_m": 37.24,
        "status": "high_confidence",
        "contrast_ratio": 1.62,
        "marker_color": "#ffcc00"
      }
    },
    {
      "type": "Feature",
      "geometry": {
        "type": "Point",
        "coordinates": [
          72.8346796,
          18.9226022
        ]
      },
      "properties": {
        "id": "7378370e",
        "class": "generic_debris",
        "confidence": 65.0,
        "length_m": 1.7,
        "width_m": 1.27,
        "height_m": 0.05,
        "area_m2": 2.16,
        "channel": "port",
        "ground_range_m": 41.93,
        "status": "high_confidence",
        "contrast_ratio": 1.69,
        "marker_color": "#ffcc00"
      }
    },
    {
      "type": "Feature",
      "geometry": {
        "type": "Point",
        "coordinates": [
          72.8350056,
          18.9218663
        ]
      },
      "properties": {
        "id": "774bb16f",
        "class": "ghost_net",
        "confidence": 65.0,
        "length_m": 2.01,
        "width_m": 1.86,
        "height_m": 0.05,
        "area_m2": 3.72,
        "channel": "starboard",
        "ground_range_m": 40.81,
        "status": "high_confidence",
        "contrast_ratio": 1.63,
        "marker_color": "#ff3b30"
      }
    },
    {
      "type": "Feature",
      "geometry": {
        "type": "Point",
        "coordinates": [
          72.835192,
          18.92212
        ]
      },
      "properties": {
        "id": "98d08d6c",
        "class": "generic_debris",
        "confidence": 65.0,
        "length_m": 1.54,
        "width_m": 1.46,
        "height_m": 0.05,
        "area_m2": 2.26,
        "channel": "starboard",
        "ground_range_m": 34.08,
        "status": "high_confidence",
        "contrast_ratio": 1.58,
        "marker_color": "#ffcc00"
      }
    },
    {
      "type": "Feature",
      "geometry": {
        "type": "Point",
        "coordinates": [
          72.8352731,
          18.9220462
        ]
      },
      "properties": {
        "id": "2733899c",
        "class": "generic_debris",
        "confidence": 65.0,
        "length_m": 1.7,
        "width_m": 1.37,
        "height_m": 0.05,
        "area_m2": 2.32,
        "channel": "starboard",
        "ground_range_m": 45.91,
        "status": "high_confidence",
        "contrast_ratio": 1.56,
        "marker_color": "#ffcc00"
      }
    },
    {
      "type": "Feature",
      "geometry": {
        "type": "Point",
        "coordinates": [
          72.8354796,
          18.9222961
        ]
      },
      "properties": {
        "id": "9cae0be9",
        "class": "generic_debris",
        "confidence": 65.0,
        "length_m": 1.7,
        "width_m": 1.37,
        "height_m": 0.05,
        "area_m2": 2.32,
        "channel": "starboard",
        "ground_range_m": 41.29,
        "status": "high_confidence",
        "contrast_ratio": 1.69,
        "marker_color": "#ffcc00"
      }
    },
    {
      "type": "Feature",
      "geometry": {
        "type": "Point",
        "coordinates": [
          72.834392,
          18.9223046
        ]
      },
      "properties": {
        "id": "4448935e",
        "class": "generic_debris",
        "confidence": 64.9,
        "length_m": 1.54,
        "width_m": 1.66,
        "height_m": 0.05,
        "area_m2": 2.56,
        "channel": "port",
        "ground_range_m": 39.32,
        "status": "high_confidence",
        "contrast_ratio": 1.6,
        "marker_color": "#ffcc00"
      }
    },
    {
      "type": "Feature",
      "geometry": {
        "type": "Point",
        "coordinates": [
          72.8354043,
          18.922171
        ]
      },
      "properties": {
        "id": "00dbe1e5",
        "class": "ghost_net",
        "confidence": 64.9,
        "length_m": 1.85,
        "width_m": 1.66,
        "height_m": 0.05,
        "area_m2": 3.07,
        "channel": "starboard",
        "ground_range_m": 45.63,
        "status": "high_confidence",
        "contrast_ratio": 1.61,
        "marker_color": "#ff3b30"
      }
    },
    {
      "type": "Feature",
      "geometry": {
        "type": "Point",
        "coordinates": [
          72.8358422,
          18.9226188
        ]
      },
      "properties": {
        "id": "cde61668",
        "class": "ghost_net",
        "confidence": 64.9,
        "length_m": 1.85,
        "width_m": 2.05,
        "height_m": 0.05,
        "area_m2": 3.8,
        "channel": "starboard",
        "ground_range_m": 40.45,
        "status": "high_confidence",
        "contrast_ratio": 1.84,
        "marker_color": "#ff3b30"
      }
    },
    {
      "type": "Feature",
      "geometry": {
        "type": "Point",
        "coordinates": [
          72.8354591,
          18.9223954
        ]
      },
      "properties": {
        "id": "bd4cc4e5",
        "class": "generic_debris",
        "confidence": 64.9,
        "length_m": 1.54,
        "width_m": 1.56,
        "height_m": 0.05,
        "area_m2": 2.41,
        "channel": "starboard",
        "ground_range_m": 31.88,
        "status": "high_confidence",
        "contrast_ratio": 1.57,
        "marker_color": "#ffcc00"
      }
    },
    {
      "type": "Feature",
      "geometry": {
        "type": "Point",
        "coordinates": [
          72.8345817,
          18.9224733
        ]
      },
      "properties": {
        "id": "a5f8e986",
        "class": "generic_debris",
        "confidence": 64.8,
        "length_m": 1.54,
        "width_m": 1.56,
        "height_m": 0.05,
        "area_m2": 2.41,
        "channel": "port",
        "ground_range_m": 38.68,
        "status": "high_confidence",
        "contrast_ratio": 1.53,
        "marker_color": "#ffcc00"
      }
    },
    {
      "type": "Feature",
      "geometry": {
        "type": "Point",
        "coordinates": [
          72.834714,
          18.9225347
        ]
      },
      "properties": {
        "id": "87827c2c",
        "class": "generic_debris",
        "confidence": 64.8,
        "length_m": 1.54,
        "width_m": 1.37,
        "height_m": 0.05,
        "area_m2": 2.11,
        "channel": "port",
        "ground_range_m": 34.01,
        "status": "high_confidence",
        "contrast_ratio": 1.63,
        "marker_color": "#ffcc00"
      }
    },
    {
      "type": "Feature",
      "geometry": {
        "type": "Point",
        "coordinates": [
          72.8352851,
          18.9221999
        ]
      },
      "properties": {
        "id": "8a7cbe31",
        "class": "generic_debris",
        "confidence": 64.8,
        "length_m": 1.7,
        "width_m": 1.17,
        "height_m": 0.05,
        "area_m2": 1.99,
        "channel": "starboard",
        "ground_range_m": 34.54,
        "status": "high_confidence",
        "contrast_ratio": 1.6,
        "marker_color": "#ffcc00"
      }
    },
    {
      "type": "Feature",
      "geometry": {
        "type": "Point",
        "coordinates": [
          72.8352768,
          18.9221976
        ]
      },
      "properties": {
        "id": "d859ad88",
        "class": "generic_debris",
        "confidence": 64.8,
        "length_m": 1.7,
        "width_m": 1.37,
        "height_m": 0.05,
        "area_m2": 2.32,
        "channel": "starboard",
        "ground_range_m": 34.12,
        "status": "high_confidence",
        "contrast_ratio": 1.61,
        "marker_color": "#ffcc00"
      }
    },
    {
      "type": "Feature",
      "geometry": {
        "type": "Point",
        "coordinates": [
          72.8353219,
          18.922342
        ]
      },
      "properties": {
        "id": "87478c1b",
        "class": "generic_debris",
        "confidence": 64.8,
        "length_m": 1.54,
        "width_m": 1.56,
        "height_m": 0.07,
        "area_m2": 2.41,
        "channel": "starboard",
        "ground_range_m": 26.06,
        "status": "high_confidence",
        "contrast_ratio": 1.57,
        "marker_color": "#ffcc00"
      }
    },
    {
      "type": "Feature",
      "geometry": {
        "type": "Point",
        "coordinates": [
          72.8355263,
          18.9223533
        ]
      },
      "properties": {
        "id": "c0ebd858",
        "class": "generic_debris",
        "confidence": 64.8,
        "length_m": 1.54,
        "width_m": 1.66,
        "height_m": 0.05,
        "area_m2": 2.56,
        "channel": "starboard",
        "ground_range_m": 40.14,
        "status": "high_confidence",
        "contrast_ratio": 1.64,
        "marker_color": "#ffcc00"
      }
    },
    {
      "type": "Feature",
      "geometry": {
        "type": "Point",
        "coordinates": [
          72.8355002,
          18.9223083
        ]
      },
      "properties": {
        "id": "35ed9593",
        "class": "ghost_net",
        "confidence": 64.8,
        "length_m": 2.01,
        "width_m": 1.46,
        "height_m": 0.05,
        "area_m2": 2.94,
        "channel": "starboard",
        "ground_range_m": 41.83,
        "status": "high_confidence",
        "contrast_ratio": 1.67,
        "marker_color": "#ff3b30"
      }
    },
    {
      "type": "Feature",
      "geometry": {
        "type": "Point",
        "coordinates": [
          72.8347528,
          18.922643
        ]
      },
      "properties": {
        "id": "16cc4f57",
        "class": "ghost_net",
        "confidence": 64.7,
        "length_m": 1.85,
        "width_m": 1.56,
        "height_m": 0.05,
        "area_m2": 2.89,
        "channel": "port",
        "ground_range_m": 39.86,
        "status": "high_confidence",
        "contrast_ratio": 1.75,
        "marker_color": "#ff3b30"
      }
    },
    {
      "type": "Feature",
      "geometry": {
        "type": "Point",
        "coordinates": [
          72.8347645,
          18.9226509
        ]
      },
      "properties": {
        "id": "938b3568",
        "class": "generic_debris",
        "confidence": 64.7,
        "length_m": 1.7,
        "width_m": 1.46,
        "height_m": 0.05,
        "area_m2": 2.49,
        "channel": "port",
        "ground_range_m": 39.62,
        "status": "high_confidence",
        "contrast_ratio": 1.59,
        "marker_color": "#ffcc00"
      }
    },
    {
      "type": "Feature",
      "geometry": {
        "type": "Point",
        "coordinates": [
          72.8353207,
          18.9221374
        ]
      },
      "properties": {
        "id": "e01f2a24",
        "class": "generic_debris",
        "confidence": 64.7,
        "length_m": 1.85,
        "width_m": 0.88,
        "height_m": 0.05,
        "area_m2": 1.63,
        "channel": "starboard",
        "ground_range_m": 42.13,
        "status": "high_confidence",
        "contrast_ratio": 1.54,
        "marker_color": "#ffcc00"
      }
    },
    {
      "type": "Feature",
      "geometry": {
        "type": "Point",
        "coordinates": [
          72.8353584,
          18.9222525
        ]
      },
      "properties": {
        "id": "63065c0c",
        "class": "ghost_net",
        "confidence": 64.7,
        "length_m": 2.01,
        "width_m": 1.46,
        "height_m": 0.05,
        "area_m2": 2.94,
        "channel": "starboard",
        "ground_range_m": 35.8,
        "status": "high_confidence",
        "contrast_ratio": 1.89,
        "marker_color": "#ff3b30"
      }
    },
    {
      "type": "Feature",
      "geometry": {
        "type": "Point",
        "coordinates": [
          72.8357704,
          18.9226098
        ]
      },
      "properties": {
        "id": "b6df307b",
        "class": "generic_debris",
        "confidence": 64.7,
        "length_m": 1.54,
        "width_m": 1.86,
        "height_m": 0.05,
        "area_m2": 2.86,
        "channel": "starboard",
        "ground_range_m": 36.21,
        "status": "high_confidence",
        "contrast_ratio": 1.6,
        "marker_color": "#ffcc00"
      }
    },
    {
      "type": "Feature",
      "geometry": {
        "type": "Point",
        "coordinates": [
          72.8358005,
          18.9226234
        ]
      },
      "properties": {
        "id": "a6b2c920",
        "class": "generic_debris",
        "confidence": 64.7,
        "length_m": 1.7,
        "width_m": 1.76,
        "height_m": 0.05,
        "area_m2": 2.98,
        "channel": "starboard",
        "ground_range_m": 37.17,
        "status": "high_confidence",
        "contrast_ratio": 1.69,
        "marker_color": "#ffcc00"
      }
    },
    {
      "type": "Feature",
      "geometry": {
        "type": "Point",
        "coordinates": [
          72.8354651,
          18.9223564
        ]
      },
      "properties": {
        "id": "f8eca00c",
        "class": "generic_debris",
        "confidence": 64.7,
        "length_m": 1.7,
        "width_m": 1.56,
        "height_m": 0.05,
        "area_m2": 2.65,
        "channel": "starboard",
        "ground_range_m": 35.42,
        "status": "high_confidence",
        "contrast_ratio": 1.7,
        "marker_color": "#ffcc00"
      }
    },
    {
      "type": "Feature",
      "geometry": {
        "type": "Point",
        "coordinates": [
          72.835421,
          18.9227513
        ]
      },
      "properties": {
        "id": "6bf13e6f",
        "class": "pipe_cylinder",
        "confidence": 64.7,
        "length_m": 1.39,
        "width_m": 3.22,
        "height_m": 9.98,
        "area_m2": 4.48,
        "channel": "starboard",
        "ground_range_m": 0.0,
        "status": "high_confidence",
        "contrast_ratio": 2.18,
        "marker_color": "#007aff"
      }
    },
    {
      "type": "Feature",
      "geometry": {
        "type": "Point",
        "coordinates": [
          72.8357434,
          18.9226417
        ]
      },
      "properties": {
        "id": "53cbb8c3",
        "class": "generic_debris",
        "confidence": 64.7,
        "length_m": 1.54,
        "width_m": 1.76,
        "height_m": 0.05,
        "area_m2": 2.71,
        "channel": "starboard",
        "ground_range_m": 31.67,
        "status": "high_confidence",
        "contrast_ratio": 1.52,
        "marker_color": "#ffcc00"
      }
    },
    {
      "type": "Feature",
      "geometry": {
        "type": "Point",
        "coordinates": [
          72.8356355,
          18.9225572
        ]
      },
      "properties": {
        "id": "7ecc293f",
        "class": "generic_debris",
        "confidence": 64.7,
        "length_m": 1.7,
        "width_m": 1.76,
        "height_m": 0.05,
        "area_m2": 2.98,
        "channel": "starboard",
        "ground_range_m": 31.13,
        "status": "high_confidence",
        "contrast_ratio": 1.76,
        "marker_color": "#ffcc00"
      }
    },
    {
      "type": "Feature",
      "geometry": {
        "type": "Point",
        "coordinates": [
          72.8355022,
          18.9225157
        ]
      },
      "properties": {
        "id": "4042d797",
        "class": "generic_debris",
        "confidence": 64.7,
        "length_m": 1.54,
        "width_m": 1.66,
        "height_m": 0.05,
        "area_m2": 2.56,
        "channel": "starboard",
        "ground_range_m": 25.2,
        "status": "high_confidence",
        "contrast_ratio": 1.61,
        "marker_color": "#ffcc00"
      }
    },
    {
      "type": "Feature",
      "geometry": {
        "type": "Point",
        "coordinates": [
          72.8343858,
          18.9222553
        ]
      },
      "properties": {
        "id": "24876152",
        "class": "generic_debris",
        "confidence": 64.6,
        "length_m": 1.54,
        "width_m": 1.66,
        "height_m": 0.08,
        "area_m2": 2.56,
        "channel": "port",
        "ground_range_m": 35.97,
        "status": "high_confidence",
        "contrast_ratio": 1.57,
        "marker_color": "#ffcc00"
      }
    },
    {
      "type": "Feature",
      "geometry": {
        "type": "Point",
        "coordinates": [
          72.8352918,
          18.9222065
        ]
      },
      "properties": {
        "id": "7f72ebdc",
        "class": "generic_debris",
        "confidence": 64.6,
        "length_m": 1.54,
        "width_m": 1.37,
        "height_m": 0.05,
        "area_m2": 2.11,
        "channel": "starboard",
        "ground_range_m": 34.51,
        "status": "high_confidence",
        "contrast_ratio": 1.61,
        "marker_color": "#ffcc00"
      }
    },
    {
      "type": "Feature",
      "geometry": {
        "type": "Point",
        "coordinates": [
          72.8353664,
          18.9222088
        ]
      },
      "properties": {
        "id": "541997df",
        "class": "generic_debris",
        "confidence": 64.6,
        "length_m": 1.85,
        "width_m": 1.46,
        "height_m": 0.05,
        "area_m2": 2.71,
        "channel": "starboard",
        "ground_range_m": 39.83,
        "status": "high_confidence",
        "contrast_ratio": 1.64,
        "marker_color": "#ffcc00"
      }
    },
    {
      "type": "Feature",
      "geometry": {
        "type": "Point",
        "coordinates": [
          72.8353387,
          18.9222411
        ]
      },
      "properties": {
        "id": "464abcaa",
        "class": "generic_debris",
        "confidence": 64.6,
        "length_m": 1.54,
        "width_m": 1.37,
        "height_m": 0.05,
        "area_m2": 2.11,
        "channel": "starboard",
        "ground_range_m": 35.23,
        "status": "high_confidence",
        "contrast_ratio": 1.73,
        "marker_color": "#ffcc00"
      }
    },
    {
      "type": "Feature",
      "geometry": {
        "type": "Point",
        "coordinates": [
          72.835376,
          18.9223152
        ]
      },
      "properties": {
        "id": "3409d403",
        "class": "generic_debris",
        "confidence": 64.6,
        "length_m": 1.7,
        "width_m": 1.56,
        "height_m": 0.09,
        "area_m2": 2.65,
        "channel": "starboard",
        "ground_range_m": 32.18,
        "status": "high_confidence",
        "contrast_ratio": 1.67,
        "marker_color": "#ffcc00"
      }
    },
    {
      "type": "Feature",
      "geometry": {
        "type": "Point",
        "coordinates": [
          72.8357364,
          18.9226146
        ]
      },
      "properties": {
        "id": "c2c1b5ce",
        "class": "generic_debris",
        "confidence": 64.6,
        "length_m": 1.54,
        "width_m": 1.86,
        "height_m": 0.09,
        "area_m2": 2.86,
        "channel": "starboard",
        "ground_range_m": 33.45,
        "status": "high_confidence",
        "contrast_ratio": 1.5,
        "marker_color": "#ffcc00"
      }
    },
    {
      "type": "Feature",
      "geometry": {
        "type": "Point",
        "coordinates": [
          72.8355665,
          18.9223665
        ]
      },
      "properties": {
        "id": "3f5e1b2b",
        "class": "generic_debris",
        "confidence": 64.6,
        "length_m": 1.54,
        "width_m": 1.56,
        "height_m": 0.05,
        "area_m2": 2.41,
        "channel": "starboard",
        "ground_range_m": 42.0,
        "status": "high_confidence",
        "contrast_ratio": 1.56,
        "marker_color": "#ffcc00"
      }
    },
    {
      "type": "Feature",
      "geometry": {
        "type": "Point",
        "coordinates": [
          72.8357484,
          18.922646
        ]
      },
      "properties": {
        "id": "7238b4cb",
        "class": "generic_debris",
        "confidence": 64.6,
        "length_m": 1.54,
        "width_m": 1.76,
        "height_m": 0.06,
        "area_m2": 2.71,
        "channel": "starboard",
        "ground_range_m": 31.66,
        "status": "high_confidence",
        "contrast_ratio": 1.54,
        "marker_color": "#ffcc00"
      }
    },
    {
      "type": "Feature",
      "geometry": {
        "type": "Point",
        "coordinates": [
          72.8346285,
          18.9226374
        ]
      },
      "properties": {
        "id": "09a445f1",
        "class": "ghost_net",
        "confidence": 64.5,
        "length_m": 2.16,
        "width_m": 0.98,
        "height_m": 0.05,
        "area_m2": 2.11,
        "channel": "port",
        "ground_range_m": 48.47,
        "status": "high_confidence",
        "contrast_ratio": 1.63,
        "marker_color": "#ff3b30"
      }
    },
    {
      "type": "Feature",
      "geometry": {
        "type": "Point",
        "coordinates": [
          72.8348222,
          18.9224518
        ]
      },
      "properties": {
        "id": "79ec9488",
        "class": "generic_debris",
        "confidence": 64.5,
        "length_m": 1.7,
        "width_m": 4.59,
        "height_m": 0.34,
        "area_m2": 7.79,
        "channel": "port",
        "ground_range_m": 19.47,
        "status": "high_confidence",
        "contrast_ratio": 1.91,
        "marker_color": "#ffcc00"
      }
    },
    {
      "type": "Feature",
      "geometry": {
        "type": "Point",
        "coordinates": [
          72.8353376,
          18.9222812
        ]
      },
      "properties": {
        "id": "cd3dca73",
        "class": "generic_debris",
        "confidence": 64.5,
        "length_m": 1.54,
        "width_m": 1.76,
        "height_m": 0.06,
        "area_m2": 2.71,
        "channel": "starboard",
        "ground_range_m": 31.99,
        "status": "high_confidence",
        "contrast_ratio": 1.62,
        "marker_color": "#ffcc00"
      }
    },
    {
      "type": "Feature",
      "geometry": {
        "type": "Point",
        "coordinates": [
          72.8354265,
          18.9222413
        ]
      },
      "properties": {
        "id": "942b1292",
        "class": "pipe_cylinder",
        "confidence": 64.5,
        "length_m": 1.54,
        "width_m": 1.46,
        "height_m": 0.05,
        "area_m2": 2.26,
        "channel": "starboard",
        "ground_range_m": 41.75,
        "status": "high_confidence",
        "contrast_ratio": 1.75,
        "marker_color": "#007aff"
      }
    },
    {
      "type": "Feature",
      "geometry": {
        "type": "Point",
        "coordinates": [
          72.8358202,
          18.922678
        ]
      },
      "properties": {
        "id": "fecd1738",
        "class": "generic_debris",
        "confidence": 64.5,
        "length_m": 1.54,
        "width_m": 1.56,
        "height_m": 0.06,
        "area_m2": 2.41,
        "channel": "starboard",
        "ground_range_m": 33.99,
        "status": "high_confidence",
        "contrast_ratio": 1.79,
        "marker_color": "#ffcc00"
      }
    },
    {
      "type": "Feature",
      "geometry": {
        "type": "Point",
        "coordinates": [
          72.8353134,
          18.922256
        ]
      },
      "properties": {
        "id": "f3cc14c5",
        "class": "pipe_cylinder",
        "confidence": 64.4,
        "length_m": 1.54,
        "width_m": 1.76,
        "height_m": 0.05,
        "area_m2": 2.71,
        "channel": "starboard",
        "ground_range_m": 32.18,
        "status": "high_confidence",
        "contrast_ratio": 1.55,
        "marker_color": "#007aff"
      }
    },
    {
      "type": "Feature",
      "geometry": {
        "type": "Point",
        "coordinates": [
          72.8353885,
          18.9223272
        ]
      },
      "properties": {
        "id": "adcb0b57",
        "class": "ghost_net",
        "confidence": 64.4,
        "length_m": 1.85,
        "width_m": 1.66,
        "height_m": 0.06,
        "area_m2": 3.07,
        "channel": "starboard",
        "ground_range_m": 32.15,
        "status": "high_confidence",
        "contrast_ratio": 1.51,
        "marker_color": "#ff3b30"
      }
    },
    {
      "type": "Feature",
      "geometry": {
        "type": "Point",
        "coordinates": [
          72.8355149,
          18.9223269
        ]
      },
      "properties": {
        "id": "016ced95",
        "class": "generic_debris",
        "confidence": 64.4,
        "length_m": 1.54,
        "width_m": 1.86,
        "height_m": 0.05,
        "area_m2": 2.86,
        "channel": "starboard",
        "ground_range_m": 41.42,
        "status": "high_confidence",
        "contrast_ratio": 1.57,
        "marker_color": "#ffcc00"
      }
    },
    {
      "type": "Feature",
      "geometry": {
        "type": "Point",
        "coordinates": [
          72.8356005,
          18.9226054
        ]
      },
      "properties": {
        "id": "c353e381",
        "class": "generic_debris",
        "confidence": 64.4,
        "length_m": 1.54,
        "width_m": 1.76,
        "height_m": 0.12,
        "area_m2": 2.71,
        "channel": "starboard",
        "ground_range_m": 24.69,
        "status": "high_confidence",
        "contrast_ratio": 1.57,
        "marker_color": "#ffcc00"
      }
    },
    {
      "type": "Feature",
      "geometry": {
        "type": "Point",
        "coordinates": [
          72.8344772,
          18.9223887
        ]
      },
      "properties": {
        "id": "7538f89f",
        "class": "generic_debris",
        "confidence": 64.3,
        "length_m": 1.7,
        "width_m": 1.37,
        "height_m": 0.07,
        "area_m2": 2.32,
        "channel": "port",
        "ground_range_m": 39.57,
        "status": "high_confidence",
        "contrast_ratio": 1.51,
        "marker_color": "#ffcc00"
      }
    },
    {
      "type": "Feature",
      "geometry": {
        "type": "Point",
        "coordinates": [
          72.8352371,
          18.9221929
        ]
      },
      "properties": {
        "id": "4acffb33",
        "class": "generic_debris",
        "confidence": 64.3,
        "length_m": 1.54,
        "width_m": 1.37,
        "height_m": 0.06,
        "area_m2": 2.11,
        "channel": "starboard",
        "ground_range_m": 31.55,
        "status": "high_confidence",
        "contrast_ratio": 1.51,
        "marker_color": "#ffcc00"
      }
    },
    {
      "type": "Feature",
      "geometry": {
        "type": "Point",
        "coordinates": [
          72.8357829,
          18.9224711
        ]
      },
      "properties": {
        "id": "870b4736",
        "class": "generic_debris",
        "confidence": 64.3,
        "length_m": 1.85,
        "width_m": 0.78,
        "height_m": 0.5,
        "area_m2": 1.45,
        "channel": "starboard",
        "ground_range_m": 48.61,
        "status": "high_confidence",
        "contrast_ratio": 1.6,
        "marker_color": "#ffcc00"
      }
    },
    {
      "type": "Feature",
      "geometry": {
        "type": "Point",
        "coordinates": [
          72.8353442,
          18.9223267
        ]
      },
      "properties": {
        "id": "e86a07dd",
        "class": "generic_debris",
        "confidence": 64.3,
        "length_m": 1.85,
        "width_m": 1.56,
        "height_m": 0.1,
        "area_m2": 2.89,
        "channel": "starboard",
        "ground_range_m": 28.92,
        "status": "high_confidence",
        "contrast_ratio": 1.53,
        "marker_color": "#ffcc00"
      }
    },
    {
      "type": "Feature",
      "geometry": {
        "type": "Point",
        "coordinates": [
          72.8347941,
          18.9227786
        ]
      },
      "properties": {
        "id": "2c4fe612",
        "class": "ghost_net",
        "confidence": 64.2,
        "length_m": 2.16,
        "width_m": 1.66,
        "height_m": 0.05,
        "area_m2": 3.59,
        "channel": "port",
        "ground_range_m": 47.54,
        "status": "high_confidence",
        "contrast_ratio": 1.65,
        "marker_color": "#ff3b30"
      }
    },
    {
      "type": "Feature",
      "geometry": {
        "type": "Point",
        "coordinates": [
          72.8351317,
          18.9219659
        ]
      },
      "properties": {
        "id": "8ba7a904",
        "class": "generic_debris",
        "confidence": 64.2,
        "length_m": 1.54,
        "width_m": 1.07,
        "height_m": 0.05,
        "area_m2": 1.66,
        "channel": "starboard",
        "ground_range_m": 42.06,
        "status": "high_confidence",
        "contrast_ratio": 1.58,
        "marker_color": "#ffcc00"
      }
    },
    {
      "type": "Feature",
      "geometry": {
        "type": "Point",
        "coordinates": [
          72.8353208,
          18.9223061
        ]
      },
      "properties": {
        "id": "343bc5ed",
        "class": "generic_debris",
        "confidence": 64.2,
        "length_m": 1.7,
        "width_m": 1.46,
        "height_m": 0.05,
        "area_m2": 2.49,
        "channel": "starboard",
        "ground_range_m": 28.8,
        "status": "high_confidence",
        "contrast_ratio": 1.61,
        "marker_color": "#ffcc00"
      }
    },
    {
      "type": "Feature",
      "geometry": {
        "type": "Point",
        "coordinates": [
          72.8357968,
          18.9225152
        ]
      },
      "properties": {
        "id": "8b90dc24",
        "class": "generic_debris",
        "confidence": 64.2,
        "length_m": 2.01,
        "width_m": 1.66,
        "height_m": 0.05,
        "area_m2": 3.33,
        "channel": "starboard",
        "ground_range_m": 45.94,
        "status": "high_confidence",
        "contrast_ratio": 1.52,
        "marker_color": "#ffcc00"
      }
    },
    {
      "type": "Feature",
      "geometry": {
        "type": "Point",
        "coordinates": [
          72.8353359,
          18.9221278
        ]
      },
      "properties": {
        "id": "e730ad3e",
        "class": "generic_debris",
        "confidence": 64.1,
        "length_m": 1.54,
        "width_m": 1.37,
        "height_m": 0.05,
        "area_m2": 2.11,
        "channel": "starboard",
        "ground_range_m": 44.01,
        "status": "high_confidence",
        "contrast_ratio": 1.53,
        "marker_color": "#ffcc00"
      }
    },
    {
      "type": "Feature",
      "geometry": {
        "type": "Point",
        "coordinates": [
          72.8354384,
          18.9223016
        ]
      },
      "properties": {
        "id": "0bc81f35",
        "class": "ghost_net",
        "confidence": 64.1,
        "length_m": 2.31,
        "width_m": 1.56,
        "height_m": 0.05,
        "area_m2": 3.62,
        "channel": "starboard",
        "ground_range_m": 37.84,
        "status": "high_confidence",
        "contrast_ratio": 1.55,
        "marker_color": "#ff3b30"
      }
    },
    {
      "type": "Feature",
      "geometry": {
        "type": "Point",
        "coordinates": [
          72.835887,
          18.9227238
        ]
      },
      "properties": {
        "id": "c1b8dd52",
        "class": "generic_debris",
        "confidence": 64.1,
        "length_m": 1.54,
        "width_m": 1.56,
        "height_m": 0.14,
        "area_m2": 2.41,
        "channel": "starboard",
        "ground_range_m": 34.83,
        "status": "high_confidence",
        "contrast_ratio": 1.52,
        "marker_color": "#ffcc00"
      }
    },
    {
      "type": "Feature",
      "geometry": {
        "type": "Point",
        "coordinates": [
          72.8347738,
          18.9227143
        ]
      },
      "properties": {
        "id": "4f4c82b0",
        "class": "generic_debris",
        "confidence": 64.0,
        "length_m": 2.01,
        "width_m": 1.27,
        "height_m": 0.05,
        "area_m2": 2.55,
        "channel": "port",
        "ground_range_m": 43.94,
        "status": "high_confidence",
        "contrast_ratio": 1.62,
        "marker_color": "#ffcc00"
      }
    },
    {
      "type": "Feature",
      "geometry": {
        "type": "Point",
        "coordinates": [
          72.8355078,
          18.9223153
        ]
      },
      "properties": {
        "id": "c1b152ba",
        "class": "generic_debris",
        "confidence": 64.0,
        "length_m": 1.7,
        "width_m": 1.27,
        "height_m": 0.05,
        "area_m2": 2.16,
        "channel": "starboard",
        "ground_range_m": 41.83,
        "status": "high_confidence",
        "contrast_ratio": 1.53,
        "marker_color": "#ffcc00"
      }
    },
    {
      "type": "Feature",
      "geometry": {
        "type": "Point",
        "coordinates": [
          72.8358311,
          18.9227171
        ]
      },
      "properties": {
        "id": "5fc0fde2",
        "class": "generic_debris",
        "confidence": 63.8,
        "length_m": 1.54,
        "width_m": 1.46,
        "height_m": 0.05,
        "area_m2": 2.26,
        "channel": "starboard",
        "ground_range_m": 31.5,
        "status": "high_confidence",
        "contrast_ratio": 1.5,
        "marker_color": "#ffcc00"
      }
    },
    {
      "type": "Feature",
      "geometry": {
        "type": "Point",
        "coordinates": [
          72.834533,
          18.9225325
        ]
      },
      "properties": {
        "id": "41bd032e",
        "class": "generic_debris",
        "confidence": 63.7,
        "length_m": 1.7,
        "width_m": 1.37,
        "height_m": 0.28,
        "area_m2": 2.32,
        "channel": "port",
        "ground_range_m": 46.98,
        "status": "high_confidence",
        "contrast_ratio": 2.78,
        "marker_color": "#ffcc00"
      }
    },
    {
      "type": "Feature",
      "geometry": {
        "type": "Point",
        "coordinates": [
          72.8355107,
          18.9223206
        ]
      },
      "properties": {
        "id": "6db43cc2",
        "class": "generic_debris",
        "confidence": 63.7,
        "length_m": 1.7,
        "width_m": 1.46,
        "height_m": 0.05,
        "area_m2": 2.49,
        "channel": "starboard",
        "ground_range_m": 41.62,
        "status": "high_confidence",
        "contrast_ratio": 1.6,
        "marker_color": "#ffcc00"
      }
    },
    {
      "type": "Feature",
      "geometry": {
        "type": "Point",
        "coordinates": [
          72.8354189,
          18.9227495
        ]
      },
      "properties": {
        "id": "4db927b3",
        "class": "pipe_cylinder",
        "confidence": 63.7,
        "length_m": 1.54,
        "width_m": 3.81,
        "height_m": 10.05,
        "area_m2": 5.88,
        "channel": "starboard",
        "ground_range_m": 0.0,
        "status": "high_confidence",
        "contrast_ratio": 2.25,
        "marker_color": "#007aff"
      }
    },
    {
      "type": "Feature",
      "geometry": {
        "type": "Point",
        "coordinates": [
          72.8355886,
          18.9223811
        ]
      },
      "properties": {
        "id": "08cca06e",
        "class": "ghost_net",
        "confidence": 63.7,
        "length_m": 1.7,
        "width_m": 1.76,
        "height_m": 0.05,
        "area_m2": 2.98,
        "channel": "starboard",
        "ground_range_m": 42.37,
        "status": "high_confidence",
        "contrast_ratio": 1.55,
        "marker_color": "#ff3b30"
      }
    },
    {
      "type": "Feature",
      "geometry": {
        "type": "Point",
        "coordinates": [
          72.8353885,
          18.9223322
        ]
      },
      "properties": {
        "id": "71d39d34",
        "class": "ghost_net",
        "confidence": 63.7,
        "length_m": 2.01,
        "width_m": 1.76,
        "height_m": 0.05,
        "area_m2": 3.53,
        "channel": "starboard",
        "ground_range_m": 31.75,
        "status": "high_confidence",
        "contrast_ratio": 1.54,
        "marker_color": "#ff3b30"
      }
    },
    {
      "type": "Feature",
      "geometry": {
        "type": "Point",
        "coordinates": [
          72.8345773,
          18.9222386
        ]
      },
      "properties": {
        "id": "fb8ced57",
        "class": "container",
        "confidence": 63.2,
        "length_m": 1.54,
        "width_m": 2.15,
        "height_m": 0.19,
        "area_m2": 3.32,
        "channel": "port",
        "ground_range_m": 20.32,
        "status": "high_confidence",
        "contrast_ratio": 2.21,
        "marker_color": "#5856d6"
      }
    },
    {
      "type": "Feature",
      "geometry": {
        "type": "Point",
        "coordinates": [
          72.8353164,
          18.9221381
        ]
      },
      "properties": {
        "id": "a34a68d4",
        "class": "generic_debris",
        "confidence": 63.1,
        "length_m": 1.85,
        "width_m": 1.27,
        "height_m": 0.05,
        "area_m2": 2.35,
        "channel": "starboard",
        "ground_range_m": 41.75,
        "status": "high_confidence",
        "contrast_ratio": 1.52,
        "marker_color": "#ffcc00"
      }
    },
    {
      "type": "Feature",
      "geometry": {
        "type": "Point",
        "coordinates": [
          72.8351954,
          18.9223444
        ]
      },
      "properties": {
        "id": "2e776afe",
        "class": "generic_debris",
        "confidence": 63.1,
        "length_m": 1.54,
        "width_m": 2.54,
        "height_m": 0.17,
        "area_m2": 3.92,
        "channel": "starboard",
        "ground_range_m": 16.48,
        "status": "high_confidence",
        "contrast_ratio": 2.12,
        "marker_color": "#ffcc00"
      }
    },
    {
      "type": "Feature",
      "geometry": {
        "type": "Point",
        "coordinates": [
          72.8354101,
          18.9227421
        ]
      },
      "properties": {
        "id": "d86eed76",
        "class": "pipe_cylinder",
        "confidence": 62.9,
        "length_m": 1.54,
        "width_m": 3.91,
        "height_m": 10.1,
        "area_m2": 6.03,
        "channel": "starboard",
        "ground_range_m": 0.0,
        "status": "high_confidence",
        "contrast_ratio": 2.08,
        "marker_color": "#007aff"
      }
    },
    {
      "type": "Feature",
      "geometry": {
        "type": "Point",
        "coordinates": [
          72.8348006,
          18.9222997
        ]
      },
      "properties": {
        "id": "ad378c4b",
        "class": "generic_debris",
        "confidence": 62.8,
        "length_m": 1.54,
        "width_m": 2.54,
        "height_m": 0.72,
        "area_m2": 3.92,
        "channel": "port",
        "ground_range_m": 8.83,
        "status": "high_confidence",
        "contrast_ratio": 2.14,
        "marker_color": "#ffcc00"
      }
    },
    {
      "type": "Feature",
      "geometry": {
        "type": "Point",
        "coordinates": [
          72.8353632,
          18.9225056
        ]
      },
      "properties": {
        "id": "bae59fc5",
        "class": "generic_debris",
        "confidence": 62.8,
        "length_m": 1.54,
        "width_m": 2.54,
        "height_m": 0.18,
        "area_m2": 3.92,
        "channel": "starboard",
        "ground_range_m": 16.05,
        "status": "high_confidence",
        "contrast_ratio": 2.0,
        "marker_color": "#ffcc00"
      }
    },
    {
      "type": "Feature",
      "geometry": {
        "type": "Point",
        "coordinates": [
          72.835665,
          18.9226699
        ]
      },
      "properties": {
        "id": "2b3b3a03",
        "class": "generic_debris",
        "confidence": 62.2,
        "length_m": 1.7,
        "width_m": 2.15,
        "height_m": 0.16,
        "area_m2": 3.65,
        "channel": "starboard",
        "ground_range_m": 23.86,
        "status": "high_confidence",
        "contrast_ratio": 2.01,
        "marker_color": "#ffcc00"
      }
    },
    {
      "type": "Feature",
      "geometry": {
        "type": "Point",
        "coordinates": [
          72.8343747,
          18.9223803
        ]
      },
      "properties": {
        "id": "def9d8ce",
        "class": "generic_debris",
        "confidence": 62.0,
        "length_m": 1.54,
        "width_m": 1.76,
        "height_m": 0.1,
        "area_m2": 2.71,
        "channel": "port",
        "ground_range_m": 46.52,
        "status": "high_confidence",
        "contrast_ratio": 2.18,
        "marker_color": "#ffcc00"
      }
    },
    {
      "type": "Feature",
      "geometry": {
        "type": "Point",
        "coordinates": [
          72.835784,
          18.9227564
        ]
      },
      "properties": {
        "id": "e8c7ffa5",
        "class": "container",
        "confidence": 61.9,
        "length_m": 1.54,
        "width_m": 1.95,
        "height_m": 0.08,
        "area_m2": 3.01,
        "channel": "starboard",
        "ground_range_m": 24.94,
        "status": "high_confidence",
        "contrast_ratio": 2.0,
        "marker_color": "#5856d6"
      }
    },
    {
      "type": "Feature",
      "geometry": {
        "type": "Point",
        "coordinates": [
          72.8355285,
          18.9224024
        ]
      },
      "properties": {
        "id": "2bcbb126",
        "class": "generic_debris",
        "confidence": 61.7,
        "length_m": 1.7,
        "width_m": 1.76,
        "height_m": 0.05,
        "area_m2": 2.98,
        "channel": "starboard",
        "ground_range_m": 36.34,
        "status": "high_confidence",
        "contrast_ratio": 2.06,
        "marker_color": "#ffcc00"
      }
    },
    {
      "type": "Feature",
      "geometry": {
        "type": "Point",
        "coordinates": [
          72.8356425,
          18.9229374
        ]
      },
      "properties": {
        "id": "479bd8ac",
        "class": "generic_debris",
        "confidence": 61.7,
        "length_m": 1.7,
        "width_m": 3.52,
        "height_m": 9.98,
        "area_m2": 5.97,
        "channel": "port",
        "ground_range_m": 0.0,
        "status": "high_confidence",
        "contrast_ratio": 1.69,
        "marker_color": "#ffcc00"
      }
    },
    {
      "type": "Feature",
      "geometry": {
        "type": "Point",
        "coordinates": [
          72.8346931,
          18.9224475
        ]
      },
      "properties": {
        "id": "b7f10e60",
        "class": "generic_debris",
        "confidence": 61.6,
        "length_m": 1.54,
        "width_m": 1.46,
        "height_m": 0.1,
        "area_m2": 2.26,
        "channel": "port",
        "ground_range_m": 28.53,
        "status": "high_confidence",
        "contrast_ratio": 1.89,
        "marker_color": "#ffcc00"
      }
    },
    {
      "type": "Feature",
      "geometry": {
        "type": "Point",
        "coordinates": [
          72.8352877,
          18.9225565
        ]
      },
      "properties": {
        "id": "6946eedc",
        "class": "generic_debris",
        "confidence": 61.5,
        "length_m": 1.54,
        "width_m": 3.22,
        "height_m": 2.13,
        "area_m2": 4.97,
        "channel": "starboard",
        "ground_range_m": 6.46,
        "status": "high_confidence",
        "contrast_ratio": 1.8,
        "marker_color": "#ffcc00"
      }
    },
    {
      "type": "Feature",
      "geometry": {
        "type": "Point",
        "coordinates": [
          72.8344296,
          18.9222132
        ]
      },
      "properties": {
        "id": "a6fbd6cd",
        "class": "generic_debris",
        "confidence": 61.4,
        "length_m": 1.54,
        "width_m": 1.56,
        "height_m": 0.1,
        "area_m2": 2.41,
        "channel": "port",
        "ground_range_m": 29.4,
        "status": "high_confidence",
        "contrast_ratio": 1.83,
        "marker_color": "#ffcc00"
      }
    },
    {
      "type": "Feature",
      "geometry": {
        "type": "Point",
        "coordinates": [
          72.8353006,
          18.92228
        ]
      },
      "properties": {
        "id": "7b9281b1",
        "class": "generic_debris",
        "confidence": 61.3,
        "length_m": 1.54,
        "width_m": 1.66,
        "height_m": 0.13,
        "area_m2": 2.56,
        "channel": "starboard",
        "ground_range_m": 29.34,
        "status": "high_confidence",
        "contrast_ratio": 2.16,
        "marker_color": "#ffcc00"
      }
    },
    {
      "type": "Feature",
      "geometry": {
        "type": "Point",
        "coordinates": [
          72.8345204,
          18.9222821
        ]
      },
      "properties": {
        "id": "65698a96",
        "class": "ghost_net",
        "confidence": 61.2,
        "length_m": 1.7,
        "width_m": 2.15,
        "height_m": 0.5,
        "area_m2": 3.65,
        "channel": "port",
        "ground_range_m": 27.96,
        "status": "high_confidence",
        "contrast_ratio": 2.09,
        "marker_color": "#ff3b30"
      }
    },
    {
      "type": "Feature",
      "geometry": {
        "type": "Point",
        "coordinates": [
          72.8348562,
          18.9225347
        ]
      },
      "properties": {
        "id": "d92125b0",
        "class": "generic_debris",
        "confidence": 61.1,
        "length_m": 1.54,
        "width_m": 2.93,
        "height_m": 0.12,
        "area_m2": 4.52,
        "channel": "port",
        "ground_range_m": 23.64,
        "status": "high_confidence",
        "contrast_ratio": 1.7,
        "marker_color": "#ffcc00"
      }
    },
    {
      "type": "Feature",
      "geometry": {
        "type": "Point",
        "coordinates": [
          72.8346713,
          18.9226037
        ]
      },
      "properties": {
        "id": "18259710",
        "class": "container",
        "confidence": 61.0,
        "length_m": 1.54,
        "width_m": 1.27,
        "height_m": 0.05,
        "area_m2": 1.96,
        "channel": "port",
        "ground_range_m": 42.65,
        "status": "high_confidence",
        "contrast_ratio": 1.7,
        "marker_color": "#5856d6"
      }
    },
    {
      "type": "Feature",
      "geometry": {
        "type": "Point",
        "coordinates": [
          72.8349961,
          18.9223669
        ]
      },
      "properties": {
        "id": "4a5f23de",
        "class": "pipe_cylinder",
        "confidence": 61.0,
        "length_m": 1.39,
        "width_m": 3.71,
        "height_m": 0.5,
        "area_m2": 5.15,
        "channel": "port",
        "ground_range_m": 0.0,
        "status": "high_confidence",
        "contrast_ratio": 1.55,
        "marker_color": "#007aff"
      }
    },
    {
      "type": "Feature",
      "geometry": {
        "type": "Point",
        "coordinates": [
          72.8349746,
          18.9218201
        ]
      },
      "properties": {
        "id": "b65d03f3",
        "class": "generic_debris",
        "confidence": 61.0,
        "length_m": 1.7,
        "width_m": 1.86,
        "height_m": 0.5,
        "area_m2": 3.15,
        "channel": "starboard",
        "ground_range_m": 42.15,
        "status": "high_confidence",
        "contrast_ratio": 1.64,
        "marker_color": "#ffcc00"
      }
    },
    {
      "type": "Feature",
      "geometry": {
        "type": "Point",
        "coordinates": [
          72.8354523,
          18.9225448
        ]
      },
      "properties": {
        "id": "bf15b8ca",
        "class": "generic_debris",
        "confidence": 60.9,
        "length_m": 1.54,
        "width_m": 1.76,
        "height_m": 0.2,
        "area_m2": 2.71,
        "channel": "starboard",
        "ground_range_m": 19.26,
        "status": "high_confidence",
        "contrast_ratio": 1.97,
        "marker_color": "#ffcc00"
      }
    },
    {
      "type": "Feature",
      "geometry": {
        "type": "Point",
        "coordinates": [
          72.8353544,
          18.9224537
        ]
      },
      "properties": {
        "id": "b517fd8f",
        "class": "generic_debris",
        "confidence": 60.9,
        "length_m": 1.7,
        "width_m": 2.54,
        "height_m": 0.15,
        "area_m2": 4.31,
        "channel": "starboard",
        "ground_range_m": 19.54,
        "status": "high_confidence",
        "contrast_ratio": 1.98,
        "marker_color": "#ffcc00"
      }
    },
    {
      "type": "Feature",
      "geometry": {
        "type": "Point",
        "coordinates": [
          72.8356904,
          18.9225265
        ]
      },
      "properties": {
        "id": "cc163fe7",
        "class": "generic_debris",
        "confidence": 60.9,
        "length_m": 1.7,
        "width_m": 1.46,
        "height_m": 0.5,
        "area_m2": 2.49,
        "channel": "starboard",
        "ground_range_m": 37.53,
        "status": "high_confidence",
        "contrast_ratio": 1.86,
        "marker_color": "#ffcc00"
      }
    },
    {
      "type": "Feature",
      "geometry": {
        "type": "Point",
        "coordinates": [
          72.8343289,
          18.9222842
        ]
      },
      "properties": {
        "id": "1b4a1460",
        "class": "generic_debris",
        "confidence": 60.8,
        "length_m": 1.7,
        "width_m": 1.56,
        "height_m": 0.5,
        "area_m2": 2.65,
        "channel": "port",
        "ground_range_m": 42.49,
        "status": "high_confidence",
        "contrast_ratio": 2.02,
        "marker_color": "#ffcc00"
      }
    },
    {
      "type": "Feature",
      "geometry": {
        "type": "Point",
        "coordinates": [
          72.8345507,
          18.9224164
        ]
      },
      "properties": {
        "id": "6bcb86fe",
        "class": "generic_debris",
        "confidence": 60.8,
        "length_m": 1.7,
        "width_m": 1.46,
        "height_m": 0.05,
        "area_m2": 2.49,
        "channel": "port",
        "ground_range_m": 36.39,
        "status": "high_confidence",
        "contrast_ratio": 1.89,
        "marker_color": "#ffcc00"
      }
    },
    {
      "type": "Feature",
      "geometry": {
        "type": "Point",
        "coordinates": [
          72.8347014,
          18.9224458
        ]
      },
      "properties": {
        "id": "dc5a254b",
        "class": "generic_debris",
        "confidence": 60.8,
        "length_m": 1.85,
        "width_m": 1.86,
        "height_m": 0.17,
        "area_m2": 3.44,
        "channel": "port",
        "ground_range_m": 27.8,
        "status": "high_confidence",
        "contrast_ratio": 2.09,
        "marker_color": "#ffcc00"
      }
    },
    {
      "type": "Feature",
      "geometry": {
        "type": "Point",
        "coordinates": [
          72.8347942,
          18.9225342
        ]
      },
      "properties": {
        "id": "672b587a",
        "class": "generic_debris",
        "confidence": 60.8,
        "length_m": 1.54,
        "width_m": 2.05,
        "height_m": 0.07,
        "area_m2": 3.17,
        "channel": "port",
        "ground_range_m": 28.12,
        "status": "high_confidence",
        "contrast_ratio": 1.92,
        "marker_color": "#ffcc00"
      }
    },
    {
      "type": "Feature",
      "geometry": {
        "type": "Point",
        "coordinates": [
          72.8358321,
          18.9226267
        ]
      },
      "properties": {
        "id": "e406f71c",
        "class": "generic_debris",
        "confidence": 60.8,
        "length_m": 1.54,
        "width_m": 1.76,
        "height_m": 0.05,
        "area_m2": 2.71,
        "channel": "starboard",
        "ground_range_m": 39.09,
        "status": "high_confidence",
        "contrast_ratio": 1.84,
        "marker_color": "#ffcc00"
      }
    },
    {
      "type": "Feature",
      "geometry": {
        "type": "Point",
        "coordinates": [
          72.835233,
          18.9222258
        ]
      },
      "properties": {
        "id": "85f297c2",
        "class": "generic_debris",
        "confidence": 60.7,
        "length_m": 1.54,
        "width_m": 1.46,
        "height_m": 0.05,
        "area_m2": 2.26,
        "channel": "starboard",
        "ground_range_m": 28.65,
        "status": "high_confidence",
        "contrast_ratio": 1.79,
        "marker_color": "#ffcc00"
      }
    },
    {
      "type": "Feature",
      "geometry": {
        "type": "Point",
        "coordinates": [
          72.8353745,
          18.9225251
        ]
      },
      "properties": {
        "id": "e6c6a988",
        "class": "generic_debris",
        "confidence": 60.7,
        "length_m": 1.54,
        "width_m": 2.93,
        "height_m": 0.31,
        "area_m2": 4.52,
        "channel": "starboard",
        "ground_range_m": 15.31,
        "status": "high_confidence",
        "contrast_ratio": 1.8,
        "marker_color": "#ffcc00"
      }
    },
    {
      "type": "Feature",
      "geometry": {
        "type": "Point",
        "coordinates": [
          72.8347033,
          18.9224265
        ]
      },
      "properties": {
        "id": "47f12862",
        "class": "container",
        "confidence": 60.6,
        "length_m": 1.54,
        "width_m": 2.05,
        "height_m": 0.18,
        "area_m2": 3.17,
        "channel": "port",
        "ground_range_m": 26.1,
        "status": "high_confidence",
        "contrast_ratio": 1.77,
        "marker_color": "#5856d6"
      }
    },
    {
      "type": "Feature",
      "geometry": {
        "type": "Point",
        "coordinates": [
          72.8352579,
          18.9223098
        ]
      },
      "properties": {
        "id": "ff098c55",
        "class": "container",
        "confidence": 60.6,
        "length_m": 1.54,
        "width_m": 1.86,
        "height_m": 0.5,
        "area_m2": 2.86,
        "channel": "starboard",
        "ground_range_m": 23.82,
        "status": "high_confidence",
        "contrast_ratio": 1.63,
        "marker_color": "#5856d6"
      }
    },
    {
      "type": "Feature",
      "geometry": {
        "type": "Point",
        "coordinates": [
          72.8354225,
          18.9224564
        ]
      },
      "properties": {
        "id": "fed65e7f",
        "class": "generic_debris",
        "confidence": 60.6,
        "length_m": 1.7,
        "width_m": 1.76,
        "height_m": 0.05,
        "area_m2": 2.98,
        "channel": "starboard",
        "ground_range_m": 24.31,
        "status": "high_confidence",
        "contrast_ratio": 2.09,
        "marker_color": "#ffcc00"
      }
    },
    {
      "type": "Feature",
      "geometry": {
        "type": "Point",
        "coordinates": [
          72.8353855,
          18.9226726
        ]
      },
      "properties": {
        "id": "9201665c",
        "class": "generic_debris",
        "confidence": 60.6,
        "length_m": 1.54,
        "width_m": 3.03,
        "height_m": 1.26,
        "area_m2": 4.67,
        "channel": "starboard",
        "ground_range_m": 4.02,
        "status": "high_confidence",
        "contrast_ratio": 1.74,
        "marker_color": "#ffcc00"
      }
    },
    {
      "type": "Feature",
      "geometry": {
        "type": "Point",
        "coordinates": [
          72.8356638,
          18.9226134
        ]
      },
      "properties": {
        "id": "3f4dbc80",
        "class": "generic_debris",
        "confidence": 60.6,
        "length_m": 1.7,
        "width_m": 1.95,
        "height_m": 0.14,
        "area_m2": 3.32,
        "channel": "starboard",
        "ground_range_m": 28.46,
        "status": "high_confidence",
        "contrast_ratio": 1.98,
        "marker_color": "#ffcc00"
      }
    },
    {
      "type": "Feature",
      "geometry": {
        "type": "Point",
        "coordinates": [
          72.8356722,
          18.9226841
        ]
      },
      "properties": {
        "id": "54a54780",
        "class": "generic_debris",
        "confidence": 60.6,
        "length_m": 1.54,
        "width_m": 2.05,
        "height_m": 0.17,
        "area_m2": 3.17,
        "channel": "starboard",
        "ground_range_m": 23.18,
        "status": "high_confidence",
        "contrast_ratio": 1.97,
        "marker_color": "#ffcc00"
      }
    },
    {
      "type": "Feature",
      "geometry": {
        "type": "Point",
        "coordinates": [
          72.8355362,
          18.9222701
        ]
      },
      "properties": {
        "id": "9cb1e875",
        "class": "pipe_cylinder",
        "confidence": 60.6,
        "length_m": 1.39,
        "width_m": 1.76,
        "height_m": 0.05,
        "area_m2": 2.44,
        "channel": "starboard",
        "ground_range_m": 47.51,
        "status": "high_confidence",
        "contrast_ratio": 1.65,
        "marker_color": "#007aff"
      }
    },
    {
      "type": "Feature",
      "geometry": {
        "type": "Point",
        "coordinates": [
          72.8357208,
          18.9225867
        ]
      },
      "properties": {
        "id": "9c1a87f3",
        "class": "generic_debris",
        "confidence": 60.6,
        "length_m": 1.85,
        "width_m": 1.46,
        "height_m": 0.05,
        "area_m2": 2.71,
        "channel": "starboard",
        "ground_range_m": 34.66,
        "status": "high_confidence",
        "contrast_ratio": 2.16,
        "marker_color": "#ffcc00"
      }
    },
    {
      "type": "Feature",
      "geometry": {
        "type": "Point",
        "coordinates": [
          72.8351809,
          18.9221008
        ]
      },
      "properties": {
        "id": "1bf580b9",
        "class": "generic_debris",
        "confidence": 60.5,
        "length_m": 1.54,
        "width_m": 1.76,
        "height_m": 0.06,
        "area_m2": 2.71,
        "channel": "starboard",
        "ground_range_m": 34.82,
        "status": "high_confidence",
        "contrast_ratio": 2.06,
        "marker_color": "#ffcc00"
      }
    },
    {
      "type": "Feature",
      "geometry": {
        "type": "Point",
        "coordinates": [
          72.8351896,
          18.9220914
        ]
      },
      "properties": {
        "id": "9167cb00",
        "class": "generic_debris",
        "confidence": 60.5,
        "length_m": 1.54,
        "width_m": 1.66,
        "height_m": 0.5,
        "area_m2": 2.56,
        "channel": "starboard",
        "ground_range_m": 36.2,
        "status": "high_confidence",
        "contrast_ratio": 2.06,
        "marker_color": "#ffcc00"
      }
    },
    {
      "type": "Feature",
      "geometry": {
        "type": "Point",
        "coordinates": [
          72.8351577,
          18.9222067
        ]
      },
      "properties": {
        "id": "46b88e52",
        "class": "generic_debris",
        "confidence": 60.5,
        "length_m": 1.7,
        "width_m": 2.34,
        "height_m": 0.27,
        "area_m2": 3.98,
        "channel": "starboard",
        "ground_range_m": 24.62,
        "status": "high_confidence",
        "contrast_ratio": 1.76,
        "marker_color": "#ffcc00"
      }
    },
    {
      "type": "Feature",
      "geometry": {
        "type": "Point",
        "coordinates": [
          72.8357217,
          18.9226206
        ]
      },
      "properties": {
        "id": "208db04a",
        "class": "container",
        "confidence": 60.5,
        "length_m": 1.54,
        "width_m": 1.66,
        "height_m": 0.05,
        "area_m2": 2.56,
        "channel": "starboard",
        "ground_range_m": 31.92,
        "status": "high_confidence",
        "contrast_ratio": 1.89,
        "marker_color": "#5856d6"
      }
    },
    {
      "type": "Feature",
      "geometry": {
        "type": "Point",
        "coordinates": [
          72.8355669,
          18.9227571
        ]
      },
      "properties": {
        "id": "dfd43110",
        "class": "generic_debris",
        "confidence": 60.5,
        "length_m": 1.54,
        "width_m": 3.52,
        "height_m": 0.74,
        "area_m2": 5.43,
        "channel": "starboard",
        "ground_range_m": 9.76,
        "status": "high_confidence",
        "contrast_ratio": 1.6,
        "marker_color": "#ffcc00"
      }
    },
    {
      "type": "Feature",
      "geometry": {
        "type": "Point",
        "coordinates": [
          72.8355398,
          18.922416
        ]
      },
      "properties": {
        "id": "673a319e",
        "class": "generic_debris",
        "confidence": 60.5,
        "length_m": 1.54,
        "width_m": 1.56,
        "height_m": 0.05,
        "area_m2": 2.41,
        "channel": "starboard",
        "ground_range_m": 36.04,
        "status": "high_confidence",
        "contrast_ratio": 2.17,
        "marker_color": "#ffcc00"
      }
    },
    {
      "type": "Feature",
      "geometry": {
        "type": "Point",
        "coordinates": [
          72.834538,
          18.9223178
        ]
      },
      "properties": {
        "id": "547da376",
        "class": "generic_debris",
        "confidence": 60.4,
        "length_m": 1.54,
        "width_m": 2.25,
        "height_m": 0.05,
        "area_m2": 3.47,
        "channel": "port",
        "ground_range_m": 29.46,
        "status": "high_confidence",
        "contrast_ratio": 1.74,
        "marker_color": "#ffcc00"
      }
    },
    {
      "type": "Feature",
      "geometry": {
        "type": "Point",
        "coordinates": [
          72.8346649,
          18.9223499
        ]
      },
      "properties": {
        "id": "03bb1ed4",
        "class": "generic_debris",
        "confidence": 60.4,
        "length_m": 1.54,
        "width_m": 1.86,
        "height_m": 0.09,
        "area_m2": 2.86,
        "channel": "port",
        "ground_range_m": 22.73,
        "status": "high_confidence",
        "contrast_ratio": 1.87,
        "marker_color": "#ffcc00"
      }
    },
    {
      "type": "Feature",
      "geometry": {
        "type": "Point",
        "coordinates": [
          72.8346382,
          18.922475
        ]
      },
      "properties": {
        "id": "edd8a0ac",
        "class": "generic_debris",
        "confidence": 60.4,
        "length_m": 1.7,
        "width_m": 2.15,
        "height_m": 0.05,
        "area_m2": 3.65,
        "channel": "port",
        "ground_range_m": 34.74,
        "status": "high_confidence",
        "contrast_ratio": 1.83,
        "marker_color": "#ffcc00"
      }
    },
    {
      "type": "Feature",
      "geometry": {
        "type": "Point",
        "coordinates": [
          72.8352145,
          18.9219994
        ]
      },
      "properties": {
        "id": "7a407493",
        "class": "ghost_net",
        "confidence": 60.4,
        "length_m": 1.7,
        "width_m": 2.05,
        "height_m": 0.05,
        "area_m2": 3.48,
        "channel": "starboard",
        "ground_range_m": 45.37,
        "status": "high_confidence",
        "contrast_ratio": 1.86,
        "marker_color": "#ff3b30"
      }
    },
    {
      "type": "Feature",
      "geometry": {
        "type": "Point",
        "coordinates": [
          72.8353223,
          18.9231786
        ]
      },
      "properties": {
        "id": "1b4e9d67",
        "class": "pipe_cylinder",
        "confidence": 60.4,
        "length_m": 2.01,
        "width_m": 1.17,
        "height_m": 0.05,
        "area_m2": 2.35,
        "channel": "port",
        "ground_range_m": 42.41,
        "status": "high_confidence",
        "contrast_ratio": 1.55,
        "marker_color": "#007aff"
      }
    },
    {
      "type": "Feature",
      "geometry": {
        "type": "Point",
        "coordinates": [
          72.835346,
          18.9224195
        ]
      },
      "properties": {
        "id": "abcd443b",
        "class": "container",
        "confidence": 60.4,
        "length_m": 1.54,
        "width_m": 2.05,
        "height_m": 0.05,
        "area_m2": 3.17,
        "channel": "starboard",
        "ground_range_m": 21.65,
        "status": "high_confidence",
        "contrast_ratio": 1.88,
        "marker_color": "#5856d6"
      }
    },
    {
      "type": "Feature",
      "geometry": {
        "type": "Point",
        "coordinates": [
          72.8357274,
          18.922613
        ]
      },
      "properties": {
        "id": "bb918bd7",
        "class": "generic_debris",
        "confidence": 60.4,
        "length_m": 1.54,
        "width_m": 1.66,
        "height_m": 0.05,
        "area_m2": 2.56,
        "channel": "starboard",
        "ground_range_m": 32.95,
        "status": "high_confidence",
        "contrast_ratio": 1.96,
        "marker_color": "#ffcc00"
      }
    },
    {
      "type": "Feature",
      "geometry": {
        "type": "Point",
        "coordinates": [
          72.8357537,
          18.9225304
        ]
      },
      "properties": {
        "id": "89e4f2a0",
        "class": "pipe_cylinder",
        "confidence": 60.4,
        "length_m": 1.54,
        "width_m": 1.86,
        "height_m": 0.5,
        "area_m2": 2.86,
        "channel": "starboard",
        "ground_range_m": 41.66,
        "status": "high_confidence",
        "contrast_ratio": 1.78,
        "marker_color": "#007aff"
      }
    },
    {
      "type": "Feature",
      "geometry": {
        "type": "Point",
        "coordinates": [
          72.835838,
          18.9227721
        ]
      },
      "properties": {
        "id": "462ff153",
        "class": "container",
        "confidence": 60.4,
        "length_m": 1.54,
        "width_m": 1.66,
        "height_m": 0.05,
        "area_m2": 2.56,
        "channel": "starboard",
        "ground_range_m": 27.39,
        "status": "high_confidence",
        "contrast_ratio": 1.91,
        "marker_color": "#5856d6"
      }
    },
    {
      "type": "Feature",
      "geometry": {
        "type": "Point",
        "coordinates": [
          72.8348694,
          18.9218365
        ]
      },
      "properties": {
        "id": "f70f4942",
        "class": "generic_debris",
        "confidence": 60.3,
        "length_m": 1.7,
        "width_m": 1.76,
        "height_m": 0.06,
        "area_m2": 2.98,
        "channel": "starboard",
        "ground_range_m": 32.97,
        "status": "high_confidence",
        "contrast_ratio": 1.87,
        "marker_color": "#ffcc00"
      }
    },
    {
      "type": "Feature",
      "geometry": {
        "type": "Point",
        "coordinates": [
          72.8349159,
          18.9217935
        ]
      },
      "properties": {
        "id": "e12df2b0",
        "class": "generic_debris",
        "confidence": 60.3,
        "length_m": 1.7,
        "width_m": 1.66,
        "height_m": 0.05,
        "area_m2": 2.82,
        "channel": "starboard",
        "ground_range_m": 39.81,
        "status": "high_confidence",
        "contrast_ratio": 1.82,
        "marker_color": "#ffcc00"
      }
    },
    {
      "type": "Feature",
      "geometry": {
        "type": "Point",
        "coordinates": [
          72.8351034,
          18.9220743
        ]
      },
      "properties": {
        "id": "34b9b7d0",
        "class": "generic_debris",
        "confidence": 60.3,
        "length_m": 1.54,
        "width_m": 1.95,
        "height_m": 0.09,
        "area_m2": 3.01,
        "channel": "starboard",
        "ground_range_m": 31.26,
        "status": "high_confidence",
        "contrast_ratio": 1.7,
        "marker_color": "#ffcc00"
      }
    },
    {
      "type": "Feature",
      "geometry": {
        "type": "Point",
        "coordinates": [
          72.8359365,
          18.9226747
        ]
      },
      "properties": {
        "id": "d2e90e4e",
        "class": "generic_debris",
        "confidence": 60.3,
        "length_m": 1.54,
        "width_m": 1.86,
        "height_m": 0.05,
        "area_m2": 2.86,
        "channel": "starboard",
        "ground_range_m": 42.35,
        "status": "high_confidence",
        "contrast_ratio": 1.82,
        "marker_color": "#ffcc00"
      }
    },
    {
      "type": "Feature",
      "geometry": {
        "type": "Point",
        "coordinates": [
          72.8343852,
          18.9224135
        ]
      },
      "properties": {
        "id": "11a8721c",
        "class": "generic_debris",
        "confidence": 60.2,
        "length_m": 1.7,
        "width_m": 1.27,
        "height_m": 0.05,
        "area_m2": 2.16,
        "channel": "port",
        "ground_range_m": 48.36,
        "status": "high_confidence",
        "contrast_ratio": 1.75,
        "marker_color": "#ffcc00"
      }
    },
    {
      "type": "Feature",
      "geometry": {
        "type": "Point",
        "coordinates": [
          72.8349433,
          18.9226549
        ]
      },
      "properties": {
        "id": "71672163",
        "class": "generic_debris",
        "confidence": 60.2,
        "length_m": 1.7,
        "width_m": 1.76,
        "height_m": 0.05,
        "area_m2": 2.98,
        "channel": "port",
        "ground_range_m": 26.7,
        "status": "high_confidence",
        "contrast_ratio": 1.76,
        "marker_color": "#ffcc00"
      }
    },
    {
      "type": "Feature",
      "geometry": {
        "type": "Point",
        "coordinates": [
          72.8351213,
          18.9220522
        ]
      },
      "properties": {
        "id": "cd81be25",
        "class": "generic_debris",
        "confidence": 60.2,
        "length_m": 1.7,
        "width_m": 1.46,
        "height_m": 0.5,
        "area_m2": 2.49,
        "channel": "starboard",
        "ground_range_m": 34.35,
        "status": "high_confidence",
        "contrast_ratio": 1.79,
        "marker_color": "#ffcc00"
      }
    },
    {
      "type": "Feature",
      "geometry": {
        "type": "Point",
        "coordinates": [
          72.8354056,
          18.9222272
        ]
      },
      "properties": {
        "id": "620e4e8e",
        "class": "generic_debris",
        "confidence": 60.2,
        "length_m": 1.85,
        "width_m": 1.27,
        "height_m": 0.05,
        "area_m2": 2.35,
        "channel": "starboard",
        "ground_range_m": 41.31,
        "status": "high_confidence",
        "contrast_ratio": 2.02,
        "marker_color": "#ffcc00"
      }
    },
    {
      "type": "Feature",
      "geometry": {
        "type": "Point",
        "coordinates": [
          72.8353394,
          18.9224009
        ]
      },
      "properties": {
        "id": "6e5013fa",
        "class": "container",
        "confidence": 60.2,
        "length_m": 1.54,
        "width_m": 2.05,
        "height_m": 0.17,
        "area_m2": 3.17,
        "channel": "starboard",
        "ground_range_m": 22.66,
        "status": "high_confidence",
        "contrast_ratio": 1.69,
        "marker_color": "#5856d6"
      }
    },
    {
      "type": "Feature",
      "geometry": {
        "type": "Point",
        "coordinates": [
          72.8357556,
          18.9225283
        ]
      },
      "properties": {
        "id": "2dc73e16",
        "class": "generic_debris",
        "confidence": 60.2,
        "length_m": 1.7,
        "width_m": 1.27,
        "height_m": 0.5,
        "area_m2": 2.16,
        "channel": "starboard",
        "ground_range_m": 41.96,
        "status": "high_confidence",
        "contrast_ratio": 1.77,
        "marker_color": "#ffcc00"
      }
    },
    {
      "type": "Feature",
      "geometry": {
        "type": "Point",
        "coordinates": [
          72.8351994,
          18.922318
        ]
      },
      "properties": {
        "id": "592efd28",
        "class": "generic_debris",
        "confidence": 60.2,
        "length_m": 1.08,
        "width_m": 2.05,
        "height_m": 0.15,
        "area_m2": 2.22,
        "channel": "starboard",
        "ground_range_m": 18.86,
        "status": "high_confidence",
        "contrast_ratio": 1.82,
        "marker_color": "#ffcc00"
      }
    },
    {
      "type": "Feature",
      "geometry": {
        "type": "Point",
        "coordinates": [
          72.8358225,
          18.9225525
        ]
      },
      "properties": {
        "id": "c4731775",
        "class": "generic_debris",
        "confidence": 60.2,
        "length_m": 1.54,
        "width_m": 1.76,
        "height_m": 0.05,
        "area_m2": 2.71,
        "channel": "starboard",
        "ground_range_m": 44.61,
        "status": "high_confidence",
        "contrast_ratio": 1.69,
        "marker_color": "#ffcc00"
      }
    },
    {
      "type": "Feature",
      "geometry": {
        "type": "Point",
        "coordinates": [
          72.8357494,
          18.9226699
        ]
      },
      "properties": {
        "id": "b0037dbd",
        "class": "container",
        "confidence": 60.2,
        "length_m": 1.54,
        "width_m": 1.76,
        "height_m": 0.05,
        "area_m2": 2.71,
        "channel": "starboard",
        "ground_range_m": 29.74,
        "status": "high_confidence",
        "contrast_ratio": 1.86,
        "marker_color": "#5856d6"
      }
    },
    {
      "type": "Feature",
      "geometry": {
        "type": "Point",
        "coordinates": [
          72.8359009,
          18.9225853
        ]
      },
      "properties": {
        "id": "cfb6051f",
        "class": "generic_debris",
        "confidence": 60.2,
        "length_m": 1.54,
        "width_m": 1.46,
        "height_m": 0.5,
        "area_m2": 2.26,
        "channel": "starboard",
        "ground_range_m": 47.33,
        "status": "high_confidence",
        "contrast_ratio": 1.95,
        "marker_color": "#ffcc00"
      }
    },
    {
      "type": "Feature",
      "geometry": {
        "type": "Point",
        "coordinates": [
          72.8357313,
          18.9226499
        ]
      },
      "properties": {
        "id": "faa2c28e",
        "class": "generic_debris",
        "confidence": 60.2,
        "length_m": 1.54,
        "width_m": 2.15,
        "height_m": 0.05,
        "area_m2": 3.32,
        "channel": "starboard",
        "ground_range_m": 30.14,
        "status": "high_confidence",
        "contrast_ratio": 2.08,
        "marker_color": "#ffcc00"
      }
    },
    {
      "type": "Feature",
      "geometry": {
        "type": "Point",
        "coordinates": [
          72.8344765,
          18.9221586
        ]
      },
      "properties": {
        "id": "6a1e0709",
        "class": "generic_debris",
        "confidence": 60.1,
        "length_m": 1.54,
        "width_m": 1.86,
        "height_m": 0.05,
        "area_m2": 2.86,
        "channel": "port",
        "ground_range_m": 21.62,
        "status": "high_confidence",
        "contrast_ratio": 1.86,
        "marker_color": "#ffcc00"
      }
    },
    {
      "type": "Feature",
      "geometry": {
        "type": "Point",
        "coordinates": [
          72.8344493,
          18.9224397
        ]
      },
      "properties": {
        "id": "0709999d",
        "class": "container",
        "confidence": 60.1,
        "length_m": 1.54,
        "width_m": 1.66,
        "height_m": 0.5,
        "area_m2": 2.56,
        "channel": "port",
        "ground_range_m": 45.67,
        "status": "high_confidence",
        "contrast_ratio": 1.56,
        "marker_color": "#5856d6"
      }
    },
    {
      "type": "Feature",
      "geometry": {
        "type": "Point",
        "coordinates": [
          72.8347119,
          18.9225103
        ]
      },
      "properties": {
        "id": "c7a5d60a",
        "class": "generic_debris",
        "confidence": 60.1,
        "length_m": 1.54,
        "width_m": 1.46,
        "height_m": 0.5,
        "area_m2": 2.26,
        "channel": "port",
        "ground_range_m": 32.23,
        "status": "high_confidence",
        "contrast_ratio": 1.88,
        "marker_color": "#ffcc00"
      }
    },
    {
      "type": "Feature",
      "geometry": {
        "type": "Point",
        "coordinates": [
          72.8352316,
          18.9231033
        ]
      },
      "properties": {
        "id": "1933bd2d",
        "class": "generic_debris",
        "confidence": 60.1,
        "length_m": 1.7,
        "width_m": 1.46,
        "height_m": 0.05,
        "area_m2": 2.49,
        "channel": "port",
        "ground_range_m": 42.45,
        "status": "high_confidence",
        "contrast_ratio": 1.74,
        "marker_color": "#ffcc00"
      }
    },
    {
      "type": "Feature",
      "geometry": {
        "type": "Point",
        "coordinates": [
          72.8352946,
          18.9222742
        ]
      },
      "properties": {
        "id": "5902cc28",
        "class": "generic_debris",
        "confidence": 60.1,
        "length_m": 1.7,
        "width_m": 1.66,
        "height_m": 0.05,
        "area_m2": 2.82,
        "channel": "starboard",
        "ground_range_m": 29.35,
        "status": "high_confidence",
        "contrast_ratio": 2.17,
        "marker_color": "#ffcc00"
      }
    },
    {
      "type": "Feature",
      "geometry": {
        "type": "Point",
        "coordinates": [
          72.8355109,
          18.922362
        ]
      },
      "properties": {
        "id": "14236fa7",
        "class": "generic_debris",
        "confidence": 60.1,
        "length_m": 1.54,
        "width_m": 1.46,
        "height_m": 0.05,
        "area_m2": 2.26,
        "channel": "starboard",
        "ground_range_m": 38.32,
        "status": "high_confidence",
        "contrast_ratio": 1.74,
        "marker_color": "#ffcc00"
      }
    },
    {
      "type": "Feature",
      "geometry": {
        "type": "Point",
        "coordinates": [
          72.8355539,
          18.922477
        ]
      },
      "properties": {
        "id": "35b43296",
        "class": "generic_debris",
        "confidence": 60.1,
        "length_m": 1.54,
        "width_m": 1.86,
        "height_m": 0.5,
        "area_m2": 2.86,
        "channel": "starboard",
        "ground_range_m": 32.04,
        "status": "high_confidence",
        "contrast_ratio": 1.85,
        "marker_color": "#ffcc00"
      }
    },
    {
      "type": "Feature",
      "geometry": {
        "type": "Point",
        "coordinates": [
          72.8359305,
          18.9226992
        ]
      },
      "properties": {
        "id": "55b585bd",
        "class": "generic_debris",
        "confidence": 60.1,
        "length_m": 1.54,
        "width_m": 1.95,
        "height_m": 0.05,
        "area_m2": 3.01,
        "channel": "starboard",
        "ground_range_m": 39.89,
        "status": "high_confidence",
        "contrast_ratio": 2.0,
        "marker_color": "#ffcc00"
      }
    },
    {
      "type": "Feature",
      "geometry": {
        "type": "Point",
        "coordinates": [
          72.8359195,
          18.9226298
        ]
      },
      "properties": {
        "id": "7dc75c87",
        "class": "generic_debris",
        "confidence": 60.1,
        "length_m": 1.7,
        "width_m": 1.66,
        "height_m": 0.5,
        "area_m2": 2.82,
        "channel": "starboard",
        "ground_range_m": 44.92,
        "status": "high_confidence",
        "contrast_ratio": 1.9,
        "marker_color": "#ffcc00"
      }
    },
    {
      "type": "Feature",
      "geometry": {
        "type": "Point",
        "coordinates": [
          72.8350874,
          18.9219853
        ]
      },
      "properties": {
        "id": "11be6452",
        "class": "container",
        "confidence": 60.0,
        "length_m": 1.54,
        "width_m": 1.66,
        "height_m": 0.05,
        "area_m2": 2.56,
        "channel": "starboard",
        "ground_range_m": 37.29,
        "status": "high_confidence",
        "contrast_ratio": 1.75,
        "marker_color": "#5856d6"
      }
    },
    {
      "type": "Feature",
      "geometry": {
        "type": "Point",
        "coordinates": [
          72.8350275,
          18.921811
        ]
      },
      "properties": {
        "id": "ccd3fca3",
        "class": "generic_debris",
        "confidence": 60.0,
        "length_m": 1.54,
        "width_m": 1.56,
        "height_m": 0.05,
        "area_m2": 2.41,
        "channel": "starboard",
        "ground_range_m": 46.79,
        "status": "high_confidence",
        "contrast_ratio": 1.72,
        "marker_color": "#ffcc00"
      }
    },
    {
      "type": "Feature",
      "geometry": {
        "type": "Point",
        "coordinates": [
          72.8351651,
          18.9220504
        ]
      },
      "properties": {
        "id": "7100f35e",
        "class": "generic_debris",
        "confidence": 60.0,
        "length_m": 1.7,
        "width_m": 1.56,
        "height_m": 0.5,
        "area_m2": 2.65,
        "channel": "starboard",
        "ground_range_m": 37.67,
        "status": "high_confidence",
        "contrast_ratio": 1.77,
        "marker_color": "#ffcc00"
      }
    },
    {
      "type": "Feature",
      "geometry": {
        "type": "Point",
        "coordinates": [
          72.8353597,
          18.9222291
        ]
      },
      "properties": {
        "id": "590f77ad",
        "class": "generic_debris",
        "confidence": 60.0,
        "length_m": 1.7,
        "width_m": 1.46,
        "height_m": 0.5,
        "area_m2": 2.49,
        "channel": "starboard",
        "ground_range_m": 37.72,
        "status": "high_confidence",
        "contrast_ratio": 1.82,
        "marker_color": "#ffcc00"
      }
    },
    {
      "type": "Feature",
      "geometry": {
        "type": "Point",
        "coordinates": [
          72.8353077,
          18.9231495
        ]
      },
      "properties": {
        "id": "a1c4aeea",
        "class": "pipe_cylinder",
        "confidence": 60.0,
        "length_m": 1.54,
        "width_m": 1.56,
        "height_m": 0.5,
        "area_m2": 2.41,
        "channel": "port",
        "ground_range_m": 40.99,
        "status": "high_confidence",
        "contrast_ratio": 1.56,
        "marker_color": "#007aff"
      }
    },
    {
      "type": "Feature",
      "geometry": {
        "type": "Point",
        "coordinates": [
          72.8355265,
          18.9224412
        ]
      },
      "properties": {
        "id": "4781d5c4",
        "class": "pipe_cylinder",
        "confidence": 60.0,
        "length_m": 1.54,
        "width_m": 2.44,
        "height_m": 0.12,
        "area_m2": 3.77,
        "channel": "starboard",
        "ground_range_m": 33.04,
        "status": "high_confidence",
        "contrast_ratio": 1.82,
        "marker_color": "#007aff"
      }
    },
    {
      "type": "Feature",
      "geometry": {
        "type": "Point",
        "coordinates": [
          72.8355241,
          18.922384
        ]
      },
      "properties": {
        "id": "88c47802",
        "class": "generic_debris",
        "confidence": 60.0,
        "length_m": 1.54,
        "width_m": 1.86,
        "height_m": 0.5,
        "area_m2": 2.86,
        "channel": "starboard",
        "ground_range_m": 37.53,
        "status": "high_confidence",
        "contrast_ratio": 1.68,
        "marker_color": "#ffcc00"
      }
    },
    {
      "type": "Feature",
      "geometry": {
        "type": "Point",
        "coordinates": [
          72.8356756,
          18.9226677
        ]
      },
      "properties": {
        "id": "3c8ec98d",
        "class": "generic_debris",
        "confidence": 60.0,
        "length_m": 1.85,
        "width_m": 1.86,
        "height_m": 0.08,
        "area_m2": 3.44,
        "channel": "starboard",
        "ground_range_m": 24.78,
        "status": "high_confidence",
        "contrast_ratio": 2.01,
        "marker_color": "#ffcc00"
      }
    },
    {
      "type": "Feature",
      "geometry": {
        "type": "Point",
        "coordinates": [
          72.8358579,
          18.9226587
        ]
      },
      "properties": {
        "id": "1afbb7ff",
        "class": "generic_debris",
        "confidence": 60.0,
        "length_m": 1.08,
        "width_m": 1.66,
        "height_m": 0.05,
        "area_m2": 1.79,
        "channel": "starboard",
        "ground_range_m": 38.22,
        "status": "high_confidence",
        "contrast_ratio": 1.8,
        "marker_color": "#ffcc00"
      }
    },
    {
      "type": "Feature",
      "geometry": {
        "type": "Point",
        "coordinates": [
          72.8354658,
          18.9221959
        ]
      },
      "properties": {
        "id": "56e7b7c3",
        "class": "generic_debris",
        "confidence": 60.0,
        "length_m": 1.54,
        "width_m": 1.46,
        "height_m": 0.5,
        "area_m2": 2.26,
        "channel": "starboard",
        "ground_range_m": 48.25,
        "status": "high_confidence",
        "contrast_ratio": 1.54,
        "marker_color": "#ffcc00"
      }
    },
    {
      "type": "Feature",
      "geometry": {
        "type": "Point",
        "coordinates": [
          72.835675,
          18.9226542
        ]
      },
      "properties": {
        "id": "f14c1f4d",
        "class": "generic_debris",
        "confidence": 60.0,
        "length_m": 1.7,
        "width_m": 2.15,
        "height_m": 0.07,
        "area_m2": 3.65,
        "channel": "starboard",
        "ground_range_m": 25.87,
        "status": "high_confidence",
        "contrast_ratio": 1.99,
        "marker_color": "#ffcc00"
      }
    },
    {
      "type": "Feature",
      "geometry": {
        "type": "LineString",
        "coordinates": [
          [
            72.834601,
            18.922001
          ],
          [
            72.8346021,
            18.922002
          ],
          [
            72.8346031,
            18.922003
          ],
          [
            72.8346041,
            18.9220039
          ],
          [
            72.8346052,
            18.9220049
          ],
          [
            72.8346062,
            18.9220059
          ],
          [
            72.8346072,
            18.9220069
          ],
          [
            72.8346083,
            18.9220079
          ],
          [
            72.8346093,
            18.9220089
          ],
          [
            72.8346103,
            18.9220099
          ],
          [
            72.8346114,
            18.9220108
          ],
          [
            72.8346124,
            18.9220118
          ],
          [
            72.8346134,
            18.9220128
          ],
          [
            72.8346144,
            18.9220138
          ],
          [
            72.8346155,
            18.9220148
          ],
          [
            72.8346165,
            18.9220158
          ],
          [
            72.8346175,
            18.9220168
          ],
          [
            72.8346185,
            18.9220178
          ],
          [
            72.8346195,
            18.9220188
          ],
          [
            72.8346206,
            18.9220198
          ],
          [
            72.8346216,
            18.9220208
          ],
          [
            72.8346226,
            18.9220218
          ],
          [
            72.8346236,
            18.9220228
          ],
          [
            72.8346247,
            18.9220238
          ],
          [
            72.8346257,
            18.9220247
          ],
          [
            72.8346267,
            18.9220257
          ],
          [
            72.8346277,
            18.9220267
          ],
          [
            72.8346288,
            18.9220277
          ],
          [
            72.8346298,
            18.9220287
          ],
          [
            72.8346308,
            18.9220297
          ],
          [
            72.8346318,
            18.9220307
          ],
          [
            72.8346328,
            18.9220317
          ],
          [
            72.8346339,
            18.9220327
          ],
          [
            72.8346349,
            18.9220337
          ],
          [
            72.8346359,
            18.9220347
          ],
          [
            72.8346369,
            18.9220357
          ],
          [
            72.834638,
            18.9220367
          ],
          [
            72.834639,
            18.9220377
          ],
          [
            72.83464,
            18.9220387
          ],
          [
            72.834641,
            18.9220397
          ],
          [
            72.8346421,
            18.9220407
          ],
          [
            72.8346431,
            18.9220416
          ],
          [
            72.8346441,
            18.9220426
          ],
          [
            72.8346451,
            18.9220436
          ],
          [
            72.8346462,
            18.9220446
          ],
          [
            72.8346472,
            18.9220456
          ],
          [
            72.8346482,
            18.9220466
          ],
          [
            72.8346492,
            18.9220476
          ],
          [
            72.8346502,
            18.9220486
          ],
          [
            72.8346513,
            18.9220496
          ],
          [
            72.8346523,
            18.9220506
          ],
          [
            72.8346533,
            18.9220516
          ],
          [
            72.8346543,
            18.9220526
          ],
          [
            72.8346554,
            18.9220536
          ],
          [
            72.8346564,
            18.9220546
          ],
          [
            72.8346574,
            18.9220556
          ],
          [
            72.8346584,
            18.9220566
          ],
          [
            72.8346595,
            18.9220576
          ],
          [
            72.8346605,
            18.9220585
          ],
          [
            72.8346615,
            18.9220595
          ],
          [
            72.8346625,
            18.9220605
          ],
          [
            72.8346635,
            18.9220615
          ],
          [
            72.8346645,
            18.9220625
          ],
          [
            72.8346656,
            18.9220635
          ],
          [
            72.8346666,
            18.9220645
          ],
          [
            72.8346676,
            18.9220655
          ],
          [
            72.8346686,
            18.9220665
          ],
          [
            72.8346697,
            18.9220675
          ],
          [
            72.8346707,
            18.9220685
          ],
          [
            72.8346717,
            18.9220695
          ],
          [
            72.8346727,
            18.9220705
          ],
          [
            72.8346738,
            18.9220715
          ],
          [
            72.8346748,
            18.9220725
          ],
          [
            72.8346758,
            18.9220735
          ],
          [
            72.8346768,
            18.9220745
          ],
          [
            72.8346779,
            18.9220754
          ],
          [
            72.8346789,
            18.9220764
          ],
          [
            72.8346799,
            18.9220774
          ],
          [
            72.834681,
            18.9220784
          ],
          [
            72.834682,
            18.9220794
          ],
          [
            72.834683,
            18.9220804
          ],
          [
            72.8346841,
            18.9220814
          ],
          [
            72.8346851,
            18.9220823
          ],
          [
            72.8346861,
            18.9220833
          ],
          [
            72.8346872,
            18.9220843
          ],
          [
            72.8346882,
            18.9220853
          ],
          [
            72.8346892,
            18.9220863
          ],
          [
            72.8346903,
            18.9220872
          ],
          [
            72.8346913,
            18.9220882
          ],
          [
            72.8346924,
            18.9220892
          ],
          [
            72.8346934,
            18.9220902
          ],
          [
            72.8346944,
            18.9220912
          ],
          [
            72.8346955,
            18.9220921
          ],
          [
            72.8346965,
            18.9220931
          ],
          [
            72.8346976,
            18.9220941
          ],
          [
            72.8346986,
            18.9220951
          ],
          [
            72.8346996,
            18.9220961
          ],
          [
            72.8347007,
            18.922097
          ],
          [
            72.8347017,
            18.922098
          ],
          [
            72.8347028,
            18.922099
          ],
          [
            72.8347038,
            18.9221
          ],
          [
            72.8347048,
            18.9221009
          ],
          [
            72.8347059,
            18.9221019
          ],
          [
            72.8347069,
            18.9221029
          ],
          [
            72.834708,
            18.9221039
          ],
          [
            72.834709,
            18.9221049
          ],
          [
            72.83471,
            18.9221058
          ],
          [
            72.8347111,
            18.9221068
          ],
          [
            72.8347121,
            18.9221078
          ],
          [
            72.8347131,
            18.9221088
          ],
          [
            72.8347142,
            18.9221098
          ],
          [
            72.8347152,
            18.9221108
          ],
          [
            72.8347163,
            18.9221117
          ],
          [
            72.8347173,
            18.9221127
          ],
          [
            72.8347183,
            18.9221137
          ],
          [
            72.8347194,
            18.9221147
          ],
          [
            72.8347204,
            18.9221156
          ],
          [
            72.8347215,
            18.9221166
          ],
          [
            72.8347225,
            18.9221176
          ],
          [
            72.8347235,
            18.9221186
          ],
          [
            72.8347246,
            18.9221196
          ],
          [
            72.8347256,
            18.9221205
          ],
          [
            72.8347266,
            18.9221215
          ],
          [
            72.8347277,
            18.9221225
          ],
          [
            72.8347287,
            18.9221235
          ],
          [
            72.8347298,
            18.9221245
          ],
          [
            72.8347308,
            18.9221254
          ],
          [
            72.8347318,
            18.9221264
          ],
          [
            72.8347329,
            18.9221274
          ],
          [
            72.8347339,
            18.9221284
          ],
          [
            72.834735,
            18.9221294
          ],
          [
            72.834736,
            18.9221303
          ],
          [
            72.834737,
            18.9221313
          ],
          [
            72.8347381,
            18.9221323
          ],
          [
            72.8347391,
            18.9221333
          ],
          [
            72.8347401,
            18.9221343
          ],
          [
            72.8347412,
            18.9221352
          ],
          [
            72.8347422,
            18.9221362
          ],
          [
            72.8347433,
            18.9221372
          ],
          [
            72.8347443,
            18.9221382
          ],
          [
            72.8347454,
            18.9221391
          ],
          [
            72.8347464,
            18.9221401
          ],
          [
            72.8347474,
            18.9221411
          ],
          [
            72.8347485,
            18.9221421
          ],
          [
            72.8347495,
            18.922143
          ],
          [
            72.8347506,
            18.922144
          ],
          [
            72.8347516,
            18.922145
          ],
          [
            72.8347527,
            18.9221459
          ],
          [
            72.8347538,
            18.9221469
          ],
          [
            72.8347548,
            18.9221479
          ],
          [
            72.8347559,
            18.9221488
          ],
          [
            72.8347569,
            18.9221498
          ],
          [
            72.834758,
            18.9221508
          ],
          [
            72.834759,
            18.9221517
          ],
          [
            72.8347601,
            18.9221527
          ],
          [
            72.8347611,
            18.9221537
          ],
          [
            72.8347622,
            18.9221546
          ],
          [
            72.8347632,
            18.9221556
          ],
          [
            72.8347643,
            18.9221566
          ],
          [
            72.8347653,
            18.9221575
          ],
          [
            72.8347664,
            18.9221585
          ],
          [
            72.8347674,
            18.9221594
          ],
          [
            72.8347685,
            18.9221604
          ],
          [
            72.8347695,
            18.9221614
          ],
          [
            72.8347706,
            18.9221623
          ],
          [
            72.8347717,
            18.9221633
          ],
          [
            72.8347727,
            18.9221643
          ],
          [
            72.8347738,
            18.9221652
          ],
          [
            72.8347748,
            18.9221662
          ],
          [
            72.8347759,
            18.9221672
          ],
          [
            72.8347769,
            18.9221681
          ],
          [
            72.834778,
            18.9221691
          ],
          [
            72.834779,
            18.92217
          ],
          [
            72.8347801,
            18.922171
          ],
          [
            72.8347811,
            18.922172
          ],
          [
            72.8347822,
            18.9221729
          ],
          [
            72.8347833,
            18.9221739
          ],
          [
            72.8347843,
            18.9221749
          ],
          [
            72.8347854,
            18.9221758
          ],
          [
            72.8347864,
            18.9221768
          ],
          [
            72.8347875,
            18.9221778
          ],
          [
            72.8347885,
            18.9221787
          ],
          [
            72.8347896,
            18.9221797
          ],
          [
            72.8347906,
            18.9221807
          ],
          [
            72.8347917,
            18.9221816
          ],
          [
            72.8347927,
            18.9221826
          ],
          [
            72.8347938,
            18.9221836
          ],
          [
            72.8347948,
            18.9221845
          ],
          [
            72.8347959,
            18.9221855
          ],
          [
            72.834797,
            18.9221865
          ],
          [
            72.834798,
            18.9221874
          ],
          [
            72.8347991,
            18.9221884
          ],
          [
            72.8348001,
            18.9221893
          ],
          [
            72.8348012,
            18.9221903
          ],
          [
            72.8348022,
            18.9221913
          ],
          [
            72.8348033,
            18.9221922
          ],
          [
            72.8348043,
            18.9221932
          ],
          [
            72.8348054,
            18.9221942
          ],
          [
            72.8348065,
            18.9221951
          ],
          [
            72.8348075,
            18.9221961
          ],
          [
            72.8348086,
            18.9221971
          ],
          [
            72.8348096,
            18.922198
          ],
          [
            72.8348107,
            18.922199
          ],
          [
            72.8348117,
            18.9221999
          ],
          [
            72.8348128,
            18.9222009
          ],
          [
            72.8348138,
            18.9222019
          ],
          [
            72.8348149,
            18.9222028
          ],
          [
            72.834816,
            18.9222038
          ],
          [
            72.834817,
            18.9222048
          ],
          [
            72.8348181,
            18.9222057
          ],
          [
            72.8348191,
            18.9222067
          ],
          [
            72.8348202,
            18.9222076
          ],
          [
            72.8348212,
            18.9222086
          ],
          [
            72.8348223,
            18.9222096
          ],
          [
            72.8348234,
            18.9222105
          ],
          [
            72.8348244,
            18.9222115
          ],
          [
            72.8348255,
            18.9222124
          ],
          [
            72.8348265,
            18.9222134
          ],
          [
            72.8348276,
            18.9222144
          ],
          [
            72.8348287,
            18.9222153
          ],
          [
            72.8348297,
            18.9222163
          ],
          [
            72.8348308,
            18.9222172
          ],
          [
            72.8348318,
            18.9222182
          ],
          [
            72.8348329,
            18.9222191
          ],
          [
            72.834834,
            18.9222201
          ],
          [
            72.834835,
            18.9222211
          ],
          [
            72.8348361,
            18.922222
          ],
          [
            72.8348371,
            18.922223
          ],
          [
            72.8348382,
            18.922224
          ],
          [
            72.8348393,
            18.9222249
          ],
          [
            72.8348403,
            18.9222259
          ],
          [
            72.8348414,
            18.9222268
          ],
          [
            72.8348424,
            18.9222278
          ],
          [
            72.8348435,
            18.9222287
          ],
          [
            72.8348446,
            18.9222297
          ],
          [
            72.8348456,
            18.9222307
          ],
          [
            72.8348467,
            18.9222316
          ],
          [
            72.8348477,
            18.9222326
          ],
          [
            72.8348488,
            18.9222335
          ],
          [
            72.8348499,
            18.9222345
          ],
          [
            72.8348509,
            18.9222354
          ],
          [
            72.834852,
            18.9222364
          ],
          [
            72.8348531,
            18.9222373
          ],
          [
            72.8348541,
            18.9222383
          ],
          [
            72.8348552,
            18.9222392
          ],
          [
            72.8348563,
            18.9222402
          ],
          [
            72.8348573,
            18.9222412
          ],
          [
            72.8348584,
            18.9222421
          ],
          [
            72.8348595,
            18.9222431
          ],
          [
            72.8348605,
            18.922244
          ],
          [
            72.8348616,
            18.922245
          ],
          [
            72.8348626,
            18.9222459
          ],
          [
            72.8348637,
            18.9222469
          ],
          [
            72.8348648,
            18.9222478
          ],
          [
            72.8348658,
            18.9222488
          ],
          [
            72.8348669,
            18.9222497
          ],
          [
            72.834868,
            18.9222507
          ],
          [
            72.834869,
            18.9222517
          ],
          [
            72.8348701,
            18.9222526
          ],
          [
            72.8348712,
            18.9222536
          ],
          [
            72.8348722,
            18.9222545
          ],
          [
            72.8348733,
            18.9222555
          ],
          [
            72.8348744,
            18.9222564
          ],
          [
            72.8348754,
            18.9222574
          ],
          [
            72.8348765,
            18.9222583
          ],
          [
            72.8348776,
            18.9222593
          ],
          [
            72.8348786,
            18.9222602
          ],
          [
            72.8348797,
            18.9222612
          ],
          [
            72.8348808,
            18.9222621
          ],
          [
            72.8348818,
            18.9222631
          ],
          [
            72.8348829,
            18.922264
          ],
          [
            72.834884,
            18.922265
          ],
          [
            72.834885,
            18.9222659
          ],
          [
            72.8348861,
            18.9222669
          ],
          [
            72.8348872,
            18.9222678
          ],
          [
            72.8348882,
            18.9222688
          ],
          [
            72.8348893,
            18.9222698
          ],
          [
            72.8348904,
            18.9222707
          ],
          [
            72.8348914,
            18.9222717
          ],
          [
            72.8348925,
            18.9222726
          ],
          [
            72.8348935,
            18.9222736
          ],
          [
            72.8348946,
            18.9222745
          ],
          [
            72.8348957,
            18.9222755
          ],
          [
            72.8348967,
            18.9222764
          ],
          [
            72.8348978,
            18.9222774
          ],
          [
            72.8348989,
            18.9222783
          ],
          [
            72.8348999,
            18.9222793
          ],
          [
            72.834901,
            18.9222803
          ],
          [
            72.8349021,
            18.9222812
          ],
          [
            72.8349031,
            18.9222822
          ],
          [
            72.8349042,
            18.9222831
          ],
          [
            72.8349052,
            18.9222841
          ],
          [
            72.8349063,
            18.9222851
          ],
          [
            72.8349074,
            18.922286
          ],
          [
            72.8349084,
            18.922287
          ],
          [
            72.8349095,
            18.9222879
          ],
          [
            72.8349105,
            18.9222889
          ],
          [
            72.8349116,
            18.9222898
          ],
          [
            72.8349127,
            18.9222908
          ],
          [
            72.8349137,
            18.9222918
          ],
          [
            72.8349148,
            18.9222927
          ],
          [
            72.8349158,
            18.9222937
          ],
          [
            72.8349169,
            18.9222946
          ],
          [
            72.834918,
            18.9222956
          ],
          [
            72.834919,
            18.9222966
          ],
          [
            72.8349201,
            18.9222975
          ],
          [
            72.8349211,
            18.9222985
          ],
          [
            72.8349222,
            18.9222995
          ],
          [
            72.8349232,
            18.9223004
          ],
          [
            72.8349243,
            18.9223014
          ],
          [
            72.8349253,
            18.9223023
          ],
          [
            72.8349264,
            18.9223033
          ],
          [
            72.8349274,
            18.9223043
          ],
          [
            72.8349285,
            18.9223053
          ],
          [
            72.8349295,
            18.9223062
          ],
          [
            72.8349306,
            18.9223072
          ],
          [
            72.8349316,
            18.9223082
          ],
          [
            72.8349327,
            18.9223092
          ],
          [
            72.8349337,
            18.9223101
          ],
          [
            72.8349348,
            18.9223111
          ],
          [
            72.8349358,
            18.9223121
          ],
          [
            72.8349368,
            18.922313
          ],
          [
            72.8349379,
            18.922314
          ],
          [
            72.8349389,
            18.922315
          ],
          [
            72.83494,
            18.922316
          ],
          [
            72.834941,
            18.9223169
          ],
          [
            72.8349421,
            18.9223179
          ],
          [
            72.8349431,
            18.9223189
          ],
          [
            72.8349442,
            18.9223198
          ],
          [
            72.8349452,
            18.9223208
          ],
          [
            72.8349463,
            18.9223218
          ],
          [
            72.8349474,
            18.9223227
          ],
          [
            72.8349484,
            18.9223237
          ],
          [
            72.8349495,
            18.9223247
          ],
          [
            72.8349505,
            18.9223256
          ],
          [
            72.8349516,
            18.9223266
          ],
          [
            72.8349526,
            18.9223275
          ],
          [
            72.8349537,
            18.9223285
          ],
          [
            72.8349548,
            18.9223294
          ],
          [
            72.8349558,
            18.9223304
          ],
          [
            72.8349569,
            18.9223314
          ],
          [
            72.8349579,
            18.9223323
          ],
          [
            72.834959,
            18.9223333
          ],
          [
            72.8349601,
            18.9223342
          ],
          [
            72.8349611,
            18.9223352
          ],
          [
            72.8349622,
            18.9223362
          ],
          [
            72.8349632,
            18.9223371
          ],
          [
            72.8349643,
            18.9223381
          ],
          [
            72.8349653,
            18.9223391
          ],
          [
            72.8349664,
            18.92234
          ],
          [
            72.8349675,
            18.922341
          ],
          [
            72.8349685,
            18.9223419
          ],
          [
            72.8349696,
            18.9223429
          ],
          [
            72.8349706,
            18.9223438
          ],
          [
            72.8349717,
            18.9223448
          ],
          [
            72.8349728,
            18.9223458
          ],
          [
            72.8349738,
            18.9223467
          ],
          [
            72.8349749,
            18.9223477
          ],
          [
            72.8349759,
            18.9223486
          ],
          [
            72.834977,
            18.9223496
          ],
          [
            72.8349781,
            18.9223506
          ],
          [
            72.8349791,
            18.9223515
          ],
          [
            72.8349802,
            18.9223525
          ],
          [
            72.8349813,
            18.9223534
          ],
          [
            72.8349823,
            18.9223544
          ],
          [
            72.8349834,
            18.9223553
          ],
          [
            72.8349844,
            18.9223563
          ],
          [
            72.8349855,
            18.9223573
          ],
          [
            72.8349866,
            18.9223582
          ],
          [
            72.8349876,
            18.9223592
          ],
          [
            72.8349887,
            18.9223601
          ],
          [
            72.8349897,
            18.9223611
          ],
          [
            72.8349908,
            18.9223621
          ],
          [
            72.8349918,
            18.922363
          ],
          [
            72.8349929,
            18.922364
          ],
          [
            72.834994,
            18.9223649
          ],
          [
            72.834995,
            18.9223659
          ],
          [
            72.8349961,
            18.9223669
          ],
          [
            72.8349971,
            18.9223678
          ],
          [
            72.8349982,
            18.9223688
          ],
          [
            72.8349992,
            18.9223698
          ],
          [
            72.8350003,
            18.9223707
          ],
          [
            72.8350014,
            18.9223717
          ],
          [
            72.8350024,
            18.9223726
          ],
          [
            72.8350035,
            18.9223736
          ],
          [
            72.8350045,
            18.9223746
          ],
          [
            72.8350056,
            18.9223755
          ],
          [
            72.8350066,
            18.9223765
          ],
          [
            72.8350077,
            18.9223775
          ],
          [
            72.8350087,
            18.9223784
          ],
          [
            72.8350098,
            18.9223794
          ],
          [
            72.8350109,
            18.9223804
          ],
          [
            72.8350119,
            18.9223813
          ],
          [
            72.835013,
            18.9223823
          ],
          [
            72.835014,
            18.9223833
          ],
          [
            72.8350151,
            18.9223842
          ],
          [
            72.8350161,
            18.9223852
          ],
          [
            72.8350172,
            18.9223862
          ],
          [
            72.8350182,
            18.9223871
          ],
          [
            72.8350192,
            18.9223881
          ],
          [
            72.8350203,
            18.9223891
          ],
          [
            72.8350213,
            18.9223901
          ],
          [
            72.8350224,
            18.922391
          ],
          [
            72.8350234,
            18.922392
          ],
          [
            72.8350245,
            18.922393
          ],
          [
            72.8350255,
            18.922394
          ],
          [
            72.8350265,
            18.9223949
          ],
          [
            72.8350276,
            18.9223959
          ],
          [
            72.8350286,
            18.9223969
          ],
          [
            72.8350297,
            18.9223979
          ],
          [
            72.8350307,
            18.9223989
          ],
          [
            72.8350317,
            18.9223998
          ],
          [
            72.8350328,
            18.9224008
          ],
          [
            72.8350338,
            18.9224018
          ],
          [
            72.8350349,
            18.9224028
          ],
          [
            72.8350359,
            18.9224037
          ],
          [
            72.835037,
            18.9224047
          ],
          [
            72.835038,
            18.9224057
          ],
          [
            72.835039,
            18.9224067
          ],
          [
            72.8350401,
            18.9224076
          ],
          [
            72.8350411,
            18.9224086
          ],
          [
            72.8350422,
            18.9224096
          ],
          [
            72.8350432,
            18.9224106
          ],
          [
            72.8350443,
            18.9224115
          ],
          [
            72.8350453,
            18.9224125
          ],
          [
            72.8350463,
            18.9224135
          ],
          [
            72.8350474,
            18.9224145
          ],
          [
            72.8350484,
            18.9224155
          ],
          [
            72.8350495,
            18.9224164
          ],
          [
            72.8350505,
            18.9224174
          ],
          [
            72.8350516,
            18.9224184
          ],
          [
            72.8350526,
            18.9224193
          ],
          [
            72.8350536,
            18.9224203
          ],
          [
            72.8350547,
            18.9224213
          ],
          [
            72.8350557,
            18.9224223
          ],
          [
            72.8350568,
            18.9224232
          ],
          [
            72.8350578,
            18.9224242
          ],
          [
            72.8350589,
            18.9224252
          ],
          [
            72.8350599,
            18.9224262
          ],
          [
            72.835061,
            18.9224271
          ],
          [
            72.835062,
            18.9224281
          ],
          [
            72.835063,
            18.9224291
          ],
          [
            72.8350641,
            18.9224301
          ],
          [
            72.8350651,
            18.922431
          ],
          [
            72.8350662,
            18.922432
          ],
          [
            72.8350672,
            18.922433
          ],
          [
            72.8350683,
            18.922434
          ],
          [
            72.8350693,
            18.9224349
          ],
          [
            72.8350704,
            18.9224359
          ],
          [
            72.8350714,
            18.9224369
          ],
          [
            72.8350724,
            18.9224379
          ],
          [
            72.8350735,
            18.9224388
          ],
          [
            72.8350745,
            18.9224398
          ],
          [
            72.8350756,
            18.9224408
          ],
          [
            72.8350766,
            18.9224418
          ],
          [
            72.8350777,
            18.9224427
          ],
          [
            72.8350787,
            18.9224437
          ],
          [
            72.8350798,
            18.9224447
          ],
          [
            72.8350808,
            18.9224456
          ],
          [
            72.8350818,
            18.9224466
          ],
          [
            72.8350829,
            18.9224476
          ],
          [
            72.8350839,
            18.9224486
          ],
          [
            72.835085,
            18.9224495
          ],
          [
            72.835086,
            18.9224505
          ],
          [
            72.8350871,
            18.9224515
          ],
          [
            72.8350881,
            18.9224524
          ],
          [
            72.8350892,
            18.9224534
          ],
          [
            72.8350902,
            18.9224544
          ],
          [
            72.8350913,
            18.9224554
          ],
          [
            72.8350923,
            18.9224563
          ],
          [
            72.8350934,
            18.9224573
          ],
          [
            72.8350944,
            18.9224583
          ],
          [
            72.8350955,
            18.9224592
          ],
          [
            72.8350965,
            18.9224602
          ],
          [
            72.8350976,
            18.9224612
          ],
          [
            72.8350986,
            18.9224621
          ],
          [
            72.8350997,
            18.9224631
          ],
          [
            72.8351007,
            18.9224641
          ],
          [
            72.8351018,
            18.9224651
          ],
          [
            72.8351028,
            18.922466
          ],
          [
            72.8351039,
            18.922467
          ],
          [
            72.8351049,
            18.922468
          ],
          [
            72.8351059,
            18.922469
          ],
          [
            72.835107,
            18.9224699
          ],
          [
            72.835108,
            18.9224709
          ],
          [
            72.8351091,
            18.9224719
          ],
          [
            72.8351101,
            18.9224729
          ],
          [
            72.8351111,
            18.9224738
          ],
          [
            72.8351122,
            18.9224748
          ],
          [
            72.8351132,
            18.9224758
          ],
          [
            72.8351142,
            18.9224768
          ],
          [
            72.8351153,
            18.9224778
          ],
          [
            72.8351163,
            18.9224788
          ],
          [
            72.8351173,
            18.9224798
          ],
          [
            72.8351184,
            18.9224807
          ],
          [
            72.8351194,
            18.9224817
          ],
          [
            72.8351204,
            18.9224827
          ],
          [
            72.8351215,
            18.9224837
          ],
          [
            72.8351225,
            18.9224847
          ],
          [
            72.8351235,
            18.9224857
          ],
          [
            72.8351245,
            18.9224867
          ],
          [
            72.8351256,
            18.9224877
          ],
          [
            72.8351266,
            18.9224887
          ],
          [
            72.8351276,
            18.9224896
          ],
          [
            72.8351286,
            18.9224906
          ],
          [
            72.8351297,
            18.9224916
          ],
          [
            72.8351307,
            18.9224926
          ],
          [
            72.8351317,
            18.9224936
          ],
          [
            72.8351328,
            18.9224946
          ],
          [
            72.8351338,
            18.9224956
          ],
          [
            72.8351348,
            18.9224966
          ],
          [
            72.8351359,
            18.9224975
          ],
          [
            72.8351369,
            18.9224985
          ],
          [
            72.8351379,
            18.9224995
          ],
          [
            72.835139,
            18.9225005
          ],
          [
            72.83514,
            18.9225015
          ],
          [
            72.8351411,
            18.9225024
          ],
          [
            72.8351421,
            18.9225034
          ],
          [
            72.8351432,
            18.9225044
          ],
          [
            72.8351442,
            18.9225054
          ],
          [
            72.8351452,
            18.9225063
          ],
          [
            72.8351463,
            18.9225073
          ],
          [
            72.8351473,
            18.9225083
          ],
          [
            72.8351484,
            18.9225093
          ],
          [
            72.8351494,
            18.9225102
          ],
          [
            72.8351504,
            18.9225112
          ],
          [
            72.8351515,
            18.9225122
          ],
          [
            72.8351525,
            18.9225132
          ],
          [
            72.8351536,
            18.9225142
          ],
          [
            72.8351546,
            18.9225151
          ],
          [
            72.8351557,
            18.9225161
          ],
          [
            72.8351567,
            18.9225171
          ],
          [
            72.8351578,
            18.922518
          ],
          [
            72.8351588,
            18.922519
          ],
          [
            72.8351598,
            18.92252
          ],
          [
            72.8351609,
            18.922521
          ],
          [
            72.8351619,
            18.9225219
          ],
          [
            72.835163,
            18.9225229
          ],
          [
            72.835164,
            18.9225239
          ],
          [
            72.8351651,
            18.9225248
          ],
          [
            72.8351661,
            18.9225258
          ],
          [
            72.8351672,
            18.9225268
          ],
          [
            72.8351682,
            18.9225277
          ],
          [
            72.8351693,
            18.9225287
          ],
          [
            72.8351703,
            18.9225297
          ],
          [
            72.8351714,
            18.9225307
          ],
          [
            72.8351724,
            18.9225316
          ],
          [
            72.8351735,
            18.9225326
          ],
          [
            72.8351745,
            18.9225336
          ],
          [
            72.8351756,
            18.9225345
          ],
          [
            72.8351766,
            18.9225355
          ],
          [
            72.8351777,
            18.9225365
          ],
          [
            72.8351787,
            18.9225374
          ],
          [
            72.8351798,
            18.9225384
          ],
          [
            72.8351808,
            18.9225394
          ],
          [
            72.8351819,
            18.9225403
          ],
          [
            72.8351829,
            18.9225413
          ],
          [
            72.835184,
            18.9225423
          ],
          [
            72.835185,
            18.9225432
          ],
          [
            72.8351861,
            18.9225442
          ],
          [
            72.8351872,
            18.9225452
          ],
          [
            72.8351882,
            18.9225461
          ],
          [
            72.8351893,
            18.9225471
          ],
          [
            72.8351903,
            18.9225481
          ],
          [
            72.8351914,
            18.922549
          ],
          [
            72.8351924,
            18.92255
          ],
          [
            72.8351935,
            18.9225509
          ],
          [
            72.8351945,
            18.9225519
          ],
          [
            72.8351956,
            18.9225529
          ],
          [
            72.8351967,
            18.9225538
          ],
          [
            72.8351977,
            18.9225548
          ],
          [
            72.8351988,
            18.9225558
          ],
          [
            72.8351998,
            18.9225567
          ],
          [
            72.8352009,
            18.9225577
          ],
          [
            72.8352019,
            18.9225587
          ],
          [
            72.835203,
            18.9225596
          ],
          [
            72.835204,
            18.9225606
          ],
          [
            72.8352051,
            18.9225615
          ],
          [
            72.8352061,
            18.9225625
          ],
          [
            72.8352072,
            18.9225635
          ],
          [
            72.8352083,
            18.9225644
          ],
          [
            72.8352093,
            18.9225654
          ],
          [
            72.8352104,
            18.9225664
          ],
          [
            72.8352114,
            18.9225673
          ],
          [
            72.8352125,
            18.9225683
          ],
          [
            72.8352135,
            18.9225692
          ],
          [
            72.8352146,
            18.9225702
          ],
          [
            72.8352156,
            18.9225712
          ],
          [
            72.8352167,
            18.9225722
          ],
          [
            72.8352177,
            18.9225731
          ],
          [
            72.8352188,
            18.9225741
          ],
          [
            72.8352198,
            18.9225751
          ],
          [
            72.8352209,
            18.922576
          ],
          [
            72.8352219,
            18.922577
          ],
          [
            72.835223,
            18.922578
          ],
          [
            72.835224,
            18.9225789
          ],
          [
            72.8352251,
            18.9225799
          ],
          [
            72.8352261,
            18.9225809
          ],
          [
            72.8352272,
            18.9225819
          ],
          [
            72.8352282,
            18.9225828
          ],
          [
            72.8352293,
            18.9225838
          ],
          [
            72.8352303,
            18.9225848
          ],
          [
            72.8352313,
            18.9225858
          ],
          [
            72.8352324,
            18.9225867
          ],
          [
            72.8352334,
            18.9225877
          ],
          [
            72.8352345,
            18.9225887
          ],
          [
            72.8352355,
            18.9225896
          ],
          [
            72.8352366,
            18.9225906
          ],
          [
            72.8352377,
            18.9225916
          ],
          [
            72.8352387,
            18.9225925
          ],
          [
            72.8352398,
            18.9225935
          ],
          [
            72.8352408,
            18.9225945
          ],
          [
            72.8352419,
            18.9225954
          ],
          [
            72.8352429,
            18.9225964
          ],
          [
            72.835244,
            18.9225974
          ],
          [
            72.835245,
            18.9225983
          ],
          [
            72.8352461,
            18.9225993
          ],
          [
            72.8352471,
            18.9226003
          ],
          [
            72.8352482,
            18.9226012
          ],
          [
            72.8352492,
            18.9226022
          ],
          [
            72.8352503,
            18.9226031
          ],
          [
            72.8352514,
            18.9226041
          ],
          [
            72.8352524,
            18.9226051
          ],
          [
            72.8352535,
            18.922606
          ],
          [
            72.8352545,
            18.922607
          ],
          [
            72.8352556,
            18.9226079
          ],
          [
            72.8352567,
            18.9226089
          ],
          [
            72.8352577,
            18.9226099
          ],
          [
            72.8352588,
            18.9226108
          ],
          [
            72.8352598,
            18.9226118
          ],
          [
            72.8352609,
            18.9226127
          ],
          [
            72.835262,
            18.9226137
          ],
          [
            72.835263,
            18.9226146
          ],
          [
            72.8352641,
            18.9226156
          ],
          [
            72.8352651,
            18.9226166
          ],
          [
            72.8352662,
            18.9226175
          ],
          [
            72.8352672,
            18.9226185
          ],
          [
            72.8352683,
            18.9226194
          ],
          [
            72.8352694,
            18.9226204
          ],
          [
            72.8352704,
            18.9226214
          ],
          [
            72.8352715,
            18.9226223
          ],
          [
            72.8352725,
            18.9226233
          ],
          [
            72.8352736,
            18.9226243
          ],
          [
            72.8352747,
            18.9226252
          ],
          [
            72.8352757,
            18.9226262
          ],
          [
            72.8352768,
            18.9226271
          ],
          [
            72.8352778,
            18.9226281
          ],
          [
            72.8352789,
            18.922629
          ],
          [
            72.83528,
            18.92263
          ],
          [
            72.835281,
            18.922631
          ],
          [
            72.8352821,
            18.9226319
          ],
          [
            72.8352832,
            18.9226329
          ],
          [
            72.8352842,
            18.9226338
          ],
          [
            72.8352853,
            18.9226348
          ],
          [
            72.8352863,
            18.9226357
          ],
          [
            72.8352874,
            18.9226367
          ],
          [
            72.8352885,
            18.9226376
          ],
          [
            72.8352895,
            18.9226386
          ],
          [
            72.8352906,
            18.9226395
          ],
          [
            72.8352917,
            18.9226405
          ],
          [
            72.8352927,
            18.9226414
          ],
          [
            72.8352938,
            18.9226424
          ],
          [
            72.8352949,
            18.9226433
          ],
          [
            72.835296,
            18.9226443
          ],
          [
            72.835297,
            18.9226452
          ],
          [
            72.8352981,
            18.9226462
          ],
          [
            72.8352992,
            18.9226471
          ],
          [
            72.8353003,
            18.9226481
          ],
          [
            72.8353013,
            18.922649
          ],
          [
            72.8353024,
            18.9226499
          ],
          [
            72.8353035,
            18.9226509
          ],
          [
            72.8353046,
            18.9226518
          ],
          [
            72.8353057,
            18.9226527
          ],
          [
            72.8353068,
            18.9226537
          ],
          [
            72.8353078,
            18.9226546
          ],
          [
            72.8353089,
            18.9226556
          ],
          [
            72.83531,
            18.9226565
          ],
          [
            72.8353111,
            18.9226574
          ],
          [
            72.8353122,
            18.9226584
          ],
          [
            72.8353132,
            18.9226593
          ],
          [
            72.8353143,
            18.9226602
          ],
          [
            72.8353154,
            18.9226612
          ],
          [
            72.8353165,
            18.9226621
          ],
          [
            72.8353176,
            18.922663
          ],
          [
            72.8353187,
            18.922664
          ],
          [
            72.8353197,
            18.9226649
          ],
          [
            72.8353208,
            18.9226658
          ],
          [
            72.8353219,
            18.9226668
          ],
          [
            72.835323,
            18.9226677
          ],
          [
            72.8353241,
            18.9226687
          ],
          [
            72.8353252,
            18.9226696
          ],
          [
            72.8353262,
            18.9226705
          ],
          [
            72.8353273,
            18.9226715
          ],
          [
            72.8353284,
            18.9226724
          ],
          [
            72.8353295,
            18.9226734
          ],
          [
            72.8353306,
            18.9226743
          ],
          [
            72.8353316,
            18.9226752
          ],
          [
            72.8353327,
            18.9226762
          ],
          [
            72.8353338,
            18.9226771
          ],
          [
            72.8353349,
            18.922678
          ],
          [
            72.835336,
            18.922679
          ],
          [
            72.8353371,
            18.9226799
          ],
          [
            72.8353382,
            18.9226808
          ],
          [
            72.8353392,
            18.9226818
          ],
          [
            72.8353403,
            18.9226827
          ],
          [
            72.8353414,
            18.9226836
          ],
          [
            72.8353425,
            18.9226845
          ],
          [
            72.8353436,
            18.9226855
          ],
          [
            72.8353447,
            18.9226864
          ],
          [
            72.8353458,
            18.9226873
          ],
          [
            72.8353468,
            18.9226883
          ],
          [
            72.8353479,
            18.9226892
          ],
          [
            72.835349,
            18.9226901
          ],
          [
            72.8353501,
            18.9226911
          ],
          [
            72.8353512,
            18.922692
          ],
          [
            72.8353523,
            18.9226929
          ],
          [
            72.8353534,
            18.9226939
          ],
          [
            72.8353545,
            18.9226948
          ],
          [
            72.8353556,
            18.9226957
          ],
          [
            72.8353566,
            18.9226966
          ],
          [
            72.8353577,
            18.9226976
          ],
          [
            72.8353588,
            18.9226985
          ],
          [
            72.8353599,
            18.9226994
          ],
          [
            72.835361,
            18.9227004
          ],
          [
            72.8353621,
            18.9227013
          ],
          [
            72.8353632,
            18.9227022
          ],
          [
            72.8353643,
            18.9227031
          ],
          [
            72.8353654,
            18.9227041
          ],
          [
            72.8353664,
            18.922705
          ],
          [
            72.8353675,
            18.9227059
          ],
          [
            72.8353686,
            18.9227069
          ],
          [
            72.8353697,
            18.9227078
          ],
          [
            72.8353708,
            18.9227087
          ],
          [
            72.8353719,
            18.9227097
          ],
          [
            72.835373,
            18.9227106
          ],
          [
            72.835374,
            18.9227115
          ],
          [
            72.8353751,
            18.9227125
          ],
          [
            72.8353762,
            18.9227134
          ],
          [
            72.8353773,
            18.9227143
          ],
          [
            72.8353784,
            18.9227153
          ],
          [
            72.8353795,
            18.9227162
          ],
          [
            72.8353806,
            18.9227171
          ],
          [
            72.8353816,
            18.9227181
          ],
          [
            72.8353827,
            18.922719
          ],
          [
            72.8353838,
            18.9227199
          ],
          [
            72.8353849,
            18.9227209
          ],
          [
            72.835386,
            18.9227218
          ],
          [
            72.8353871,
            18.9227227
          ],
          [
            72.8353882,
            18.9227236
          ],
          [
            72.8353893,
            18.9227246
          ],
          [
            72.8353904,
            18.9227255
          ],
          [
            72.8353915,
            18.9227264
          ],
          [
            72.8353926,
            18.9227273
          ],
          [
            72.8353937,
            18.9227283
          ],
          [
            72.8353947,
            18.9227292
          ],
          [
            72.8353958,
            18.9227301
          ],
          [
            72.8353969,
            18.922731
          ],
          [
            72.835398,
            18.922732
          ],
          [
            72.8353991,
            18.9227329
          ],
          [
            72.8354002,
            18.9227338
          ],
          [
            72.8354013,
            18.9227347
          ],
          [
            72.8354024,
            18.9227357
          ],
          [
            72.8354035,
            18.9227366
          ],
          [
            72.8354046,
            18.9227375
          ],
          [
            72.8354057,
            18.9227384
          ],
          [
            72.8354068,
            18.9227393
          ],
          [
            72.8354079,
            18.9227403
          ],
          [
            72.835409,
            18.9227412
          ],
          [
            72.8354101,
            18.9227421
          ],
          [
            72.8354112,
            18.922743
          ],
          [
            72.8354123,
            18.9227439
          ],
          [
            72.8354134,
            18.9227449
          ],
          [
            72.8354145,
            18.9227458
          ],
          [
            72.8354156,
            18.9227467
          ],
          [
            72.8354167,
            18.9227476
          ],
          [
            72.8354178,
            18.9227485
          ],
          [
            72.8354189,
            18.9227495
          ],
          [
            72.8354199,
            18.9227504
          ],
          [
            72.835421,
            18.9227513
          ],
          [
            72.8354221,
            18.9227522
          ],
          [
            72.8354232,
            18.9227532
          ],
          [
            72.8354243,
            18.9227541
          ],
          [
            72.8354254,
            18.922755
          ],
          [
            72.8354265,
            18.9227559
          ],
          [
            72.8354276,
            18.9227569
          ],
          [
            72.8354287,
            18.9227578
          ],
          [
            72.8354298,
            18.9227587
          ],
          [
            72.8354309,
            18.9227596
          ],
          [
            72.835432,
            18.9227606
          ],
          [
            72.8354331,
            18.9227615
          ],
          [
            72.8354342,
            18.9227624
          ],
          [
            72.8354352,
            18.9227633
          ],
          [
            72.8354363,
            18.9227643
          ],
          [
            72.8354374,
            18.9227652
          ],
          [
            72.8354385,
            18.9227661
          ],
          [
            72.8354396,
            18.9227671
          ],
          [
            72.8354407,
            18.922768
          ],
          [
            72.8354418,
            18.9227689
          ],
          [
            72.8354429,
            18.9227699
          ],
          [
            72.835444,
            18.9227708
          ],
          [
            72.835445,
            18.9227717
          ],
          [
            72.8354461,
            18.9227726
          ],
          [
            72.8354472,
            18.9227736
          ],
          [
            72.8354483,
            18.9227745
          ],
          [
            72.8354494,
            18.9227754
          ],
          [
            72.8354505,
            18.9227764
          ],
          [
            72.8354516,
            18.9227773
          ],
          [
            72.8354527,
            18.9227782
          ],
          [
            72.8354538,
            18.9227791
          ],
          [
            72.8354549,
            18.9227801
          ],
          [
            72.8354559,
            18.922781
          ],
          [
            72.835457,
            18.9227819
          ],
          [
            72.8354581,
            18.9227828
          ],
          [
            72.8354592,
            18.9227838
          ],
          [
            72.8354603,
            18.9227847
          ],
          [
            72.8354614,
            18.9227856
          ],
          [
            72.8354625,
            18.9227866
          ],
          [
            72.8354636,
            18.9227875
          ],
          [
            72.8354647,
            18.9227884
          ],
          [
            72.8354658,
            18.9227893
          ],
          [
            72.8354669,
            18.9227903
          ],
          [
            72.8354679,
            18.9227912
          ],
          [
            72.835469,
            18.9227921
          ],
          [
            72.8354701,
            18.922793
          ],
          [
            72.8354712,
            18.922794
          ],
          [
            72.8354723,
            18.9227949
          ],
          [
            72.8354734,
            18.9227958
          ],
          [
            72.8354745,
            18.9227967
          ],
          [
            72.8354756,
            18.9227977
          ],
          [
            72.8354767,
            18.9227986
          ],
          [
            72.8354778,
            18.9227995
          ],
          [
            72.8354789,
            18.9228004
          ],
          [
            72.83548,
            18.9228014
          ],
          [
            72.8354811,
            18.9228023
          ],
          [
            72.8354822,
            18.9228032
          ],
          [
            72.8354833,
            18.9228041
          ],
          [
            72.8354843,
            18.9228051
          ],
          [
            72.8354854,
            18.922806
          ],
          [
            72.8354865,
            18.9228069
          ],
          [
            72.8354876,
            18.9228078
          ],
          [
            72.8354887,
            18.9228088
          ],
          [
            72.8354898,
            18.9228097
          ],
          [
            72.8354909,
            18.9228106
          ],
          [
            72.835492,
            18.9228115
          ],
          [
            72.8354931,
            18.9228125
          ],
          [
            72.8354942,
            18.9228134
          ],
          [
            72.8354953,
            18.9228143
          ],
          [
            72.8354964,
            18.9228152
          ],
          [
            72.8354975,
            18.9228162
          ],
          [
            72.8354986,
            18.9228171
          ],
          [
            72.8354997,
            18.922818
          ],
          [
            72.8355008,
            18.9228189
          ],
          [
            72.8355019,
            18.9228198
          ],
          [
            72.835503,
            18.9228208
          ],
          [
            72.835504,
            18.9228217
          ],
          [
            72.8355051,
            18.9228226
          ],
          [
            72.8355062,
            18.9228235
          ],
          [
            72.8355073,
            18.9228245
          ],
          [
            72.8355084,
            18.9228254
          ],
          [
            72.8355095,
            18.9228263
          ],
          [
            72.8355106,
            18.9228272
          ],
          [
            72.8355117,
            18.9228281
          ],
          [
            72.8355128,
            18.9228291
          ],
          [
            72.8355139,
            18.92283
          ],
          [
            72.835515,
            18.9228309
          ],
          [
            72.8355161,
            18.9228318
          ],
          [
            72.8355172,
            18.9228328
          ],
          [
            72.8355183,
            18.9228337
          ],
          [
            72.8355194,
            18.9228346
          ],
          [
            72.8355205,
            18.9228355
          ],
          [
            72.8355216,
            18.9228365
          ],
          [
            72.8355227,
            18.9228374
          ],
          [
            72.8355238,
            18.9228383
          ],
          [
            72.8355249,
            18.9228392
          ],
          [
            72.835526,
            18.9228401
          ],
          [
            72.8355271,
            18.922841
          ],
          [
            72.8355282,
            18.922842
          ],
          [
            72.8355293,
            18.9228429
          ],
          [
            72.8355304,
            18.9228438
          ],
          [
            72.8355315,
            18.9228447
          ],
          [
            72.8355326,
            18.9228456
          ],
          [
            72.8355337,
            18.9228465
          ],
          [
            72.8355348,
            18.9228474
          ],
          [
            72.8355359,
            18.9228483
          ],
          [
            72.835537,
            18.9228493
          ],
          [
            72.8355381,
            18.9228502
          ],
          [
            72.8355392,
            18.9228511
          ],
          [
            72.8355403,
            18.922852
          ],
          [
            72.8355414,
            18.9228529
          ],
          [
            72.8355425,
            18.9228538
          ],
          [
            72.8355436,
            18.9228548
          ],
          [
            72.8355447,
            18.9228557
          ],
          [
            72.8355458,
            18.9228566
          ],
          [
            72.8355469,
            18.9228575
          ],
          [
            72.835548,
            18.9228584
          ],
          [
            72.8355491,
            18.9228594
          ],
          [
            72.8355502,
            18.9228603
          ],
          [
            72.8355513,
            18.9228612
          ],
          [
            72.8355524,
            18.9228621
          ],
          [
            72.8355535,
            18.922863
          ],
          [
            72.8355546,
            18.922864
          ],
          [
            72.8355557,
            18.9228649
          ],
          [
            72.8355568,
            18.9228658
          ],
          [
            72.8355579,
            18.9228667
          ],
          [
            72.835559,
            18.9228676
          ],
          [
            72.8355601,
            18.9228685
          ],
          [
            72.8355612,
            18.9228695
          ],
          [
            72.8355623,
            18.9228704
          ],
          [
            72.8355634,
            18.9228713
          ],
          [
            72.8355645,
            18.9228722
          ],
          [
            72.8355656,
            18.9228731
          ],
          [
            72.8355667,
            18.922874
          ],
          [
            72.8355678,
            18.922875
          ],
          [
            72.8355689,
            18.9228759
          ],
          [
            72.83557,
            18.9228768
          ],
          [
            72.8355711,
            18.9228777
          ],
          [
            72.8355722,
            18.9228786
          ],
          [
            72.8355733,
            18.9228796
          ],
          [
            72.8355744,
            18.9228805
          ],
          [
            72.8355755,
            18.9228814
          ],
          [
            72.8355766,
            18.9228823
          ],
          [
            72.8355777,
            18.9228832
          ],
          [
            72.8355788,
            18.9228841
          ],
          [
            72.8355799,
            18.9228851
          ],
          [
            72.835581,
            18.922886
          ],
          [
            72.8355821,
            18.9228869
          ],
          [
            72.8355832,
            18.9228878
          ],
          [
            72.8355843,
            18.9228887
          ],
          [
            72.8355854,
            18.9228896
          ],
          [
            72.8355865,
            18.9228905
          ],
          [
            72.8355876,
            18.9228914
          ],
          [
            72.8355887,
            18.9228924
          ],
          [
            72.8355898,
            18.9228933
          ],
          [
            72.8355909,
            18.9228942
          ],
          [
            72.835592,
            18.9228951
          ],
          [
            72.8355931,
            18.922896
          ],
          [
            72.8355942,
            18.9228969
          ],
          [
            72.8355953,
            18.9228979
          ],
          [
            72.8355964,
            18.9228988
          ],
          [
            72.8355975,
            18.9228997
          ],
          [
            72.8355986,
            18.9229006
          ],
          [
            72.8355997,
            18.9229015
          ],
          [
            72.8356008,
            18.9229025
          ],
          [
            72.8356019,
            18.9229034
          ],
          [
            72.835603,
            18.9229043
          ],
          [
            72.8356041,
            18.9229052
          ],
          [
            72.8356052,
            18.9229062
          ],
          [
            72.8356063,
            18.9229071
          ],
          [
            72.8356074,
            18.922908
          ],
          [
            72.8356085,
            18.9229089
          ],
          [
            72.8356096,
            18.9229098
          ],
          [
            72.8356107,
            18.9229108
          ],
          [
            72.8356118,
            18.9229117
          ],
          [
            72.8356129,
            18.9229126
          ],
          [
            72.835614,
            18.9229135
          ],
          [
            72.8356151,
            18.9229145
          ],
          [
            72.8356162,
            18.9229154
          ],
          [
            72.8356172,
            18.9229163
          ],
          [
            72.8356183,
            18.9229172
          ],
          [
            72.8356194,
            18.9229182
          ],
          [
            72.8356205,
            18.9229191
          ],
          [
            72.8356216,
            18.92292
          ],
          [
            72.8356227,
            18.9229209
          ],
          [
            72.8356238,
            18.9229218
          ],
          [
            72.8356249,
            18.9229228
          ],
          [
            72.835626,
            18.9229237
          ],
          [
            72.8356271,
            18.9229246
          ],
          [
            72.8356282,
            18.9229255
          ],
          [
            72.8356293,
            18.9229264
          ],
          [
            72.8356304,
            18.9229273
          ],
          [
            72.8356315,
            18.9229283
          ],
          [
            72.8356326,
            18.9229292
          ],
          [
            72.8356337,
            18.9229301
          ],
          [
            72.8356348,
            18.922931
          ],
          [
            72.8356359,
            18.9229319
          ],
          [
            72.835637,
            18.9229329
          ],
          [
            72.8356381,
            18.9229338
          ],
          [
            72.8356392,
            18.9229347
          ],
          [
            72.8356403,
            18.9229356
          ],
          [
            72.8356414,
            18.9229365
          ],
          [
            72.8356425,
            18.9229374
          ],
          [
            72.8356436,
            18.9229384
          ],
          [
            72.8356447,
            18.9229393
          ],
          [
            72.8356458,
            18.9229402
          ],
          [
            72.8356469,
            18.9229411
          ],
          [
            72.835648,
            18.9229421
          ],
          [
            72.8356491,
            18.922943
          ],
          [
            72.8356502,
            18.9229439
          ],
          [
            72.8356513,
            18.9229448
          ],
          [
            72.8356524,
            18.9229457
          ],
          [
            72.8356535,
            18.9229467
          ],
          [
            72.8356546,
            18.9229476
          ],
          [
            72.8356557,
            18.9229485
          ],
          [
            72.8356568,
            18.9229494
          ],
          [
            72.8356579,
            18.9229503
          ],
          [
            72.835659,
            18.9229513
          ],
          [
            72.8356601,
            18.9229522
          ],
          [
            72.8356612,
            18.9229531
          ],
          [
            72.8356623,
            18.922954
          ],
          [
            72.8356634,
            18.9229549
          ],
          [
            72.8356645,
            18.9229558
          ],
          [
            72.8356656,
            18.9229567
          ],
          [
            72.8356667,
            18.9229576
          ],
          [
            72.8356678,
            18.9229585
          ],
          [
            72.8356689,
            18.9229595
          ],
          [
            72.83567,
            18.9229604
          ],
          [
            72.8356712,
            18.9229613
          ],
          [
            72.8356723,
            18.9229622
          ],
          [
            72.8356734,
            18.9229631
          ],
          [
            72.8356745,
            18.922964
          ],
          [
            72.8356756,
            18.9229649
          ],
          [
            72.8356767,
            18.9229658
          ],
          [
            72.8356778,
            18.9229667
          ],
          [
            72.8356789,
            18.9229676
          ],
          [
            72.83568,
            18.9229685
          ],
          [
            72.8356811,
            18.9229694
          ],
          [
            72.8356822,
            18.9229704
          ],
          [
            72.8356833,
            18.9229713
          ],
          [
            72.8356844,
            18.9229722
          ],
          [
            72.8356856,
            18.9229731
          ],
          [
            72.8356867,
            18.922974
          ],
          [
            72.8356878,
            18.9229749
          ],
          [
            72.8356889,
            18.9229758
          ],
          [
            72.83569,
            18.9229767
          ]
        ]
      },
      "properties": {
        "name": "Survey Mission Track",
        "total_pings": 1024,
        "stroke": "#00ffcc",
        "stroke-width": 3
      }
    }
  ]
}